,A,B,C,D
2000-01-01,0.26311001343087126,-1.7318234114586637,-0.23453838743173064,0.4715562056264221
2000-01-02,0.41244037268277167,0.26537120208227316,-0.03810253315752822,-0.6788068179256692
2000-01-03,-1.0591821800661425,0.04576802515536323,-0.16557305337747844,0.07509021272611235
2000-01-04,1.1256970427742046,-0.1630805790948529,1.9753401069658276,-0.2856081185291659
2000-01-05,-1.346021362858861,-0.22442195486370867,0.9360720439144226,-0.018166059156416118
2000-01-06,-0.511515032528664,-0.5764581655136837,-0.05336804131397874,0.053994325197414414
2000-01-07,1.4766087798811809,-0.6606874832813521,0.697121975555891,-1.200303445827529
2000-01-08,1.134710454731379,-0.10858903370491522,-0.09309493579674268,1.204640902696619
2000-01-09,1.546253519228549,0.46455413523995054,-2.298242277876403,-0.799263764444879
2000-01-10,-0.5686961736655737,-1.3497880735442536,0.7346507053455104,-0.051100145696286944
2000-01-11,-0.512190701767599,1.6490654431639467,0.5104313101945112,0.6773408037167596
2000-01-12,0.1246420918620965,0.1405239876295279,1.0808404315090216,-0.9108684136874913
2000-01-13,1.0672794175879798,-0.8188063344629328,-0.3250357257114545,0.35991546531813523
2000-01-14,-0.47144567527525777,0.44227587449696304,-2.175179535742942,-0.47896842678438745
2000-01-15,-0.6395999211358471,1.8544283900062837,-1.457411204979773,-0.6739984803375355
2000-01-16,1.837338951805165,-0.6345312557510339,-0.03372903021806192,0.7748521521946372
2000-01-17,-1.3383451821411134,-0.05975662204099177,1.5422629399953725,0.27228695541137277
2000-01-18,0.19256276510746265,-0.40724230450889226,1.0252852178000968,-1.259842143861234
2000-01-19,-2.037815404959523,-1.0227669938275536,-0.47021793780373344,0.5739593642188447
2000-01-20,2.1555185399314847,-0.8281453641748444,-0.07862907434742734,-0.26119199953018546
2000-01-21,-0.4248692673880309,0.182847977182921,-0.3967867468189079,1.6006164592058165
2000-01-22,0.2488175901618511,-0.12345758971817317,-0.35114185437629886,0.714559296407248
2000-01-23,0.8410423621359889,-1.4116633481026304,-1.3538351829141866,-0.16602234183436324
2000-01-24,0.920111759454935,0.6356368210848949,-1.2652595817554444,0.1085061389492785
2000-01-25,0.05576407486005737,-0.468213090243221,-0.873301121618008,0.2204797970584701
2000-01-26,2.9291475790565076,1.2709543021599525,0.49779333711560336,0.2217063907538515
2000-01-27,-0.28206734970813707,-1.0656077282468719,-0.44259673824046225,0.7349911986302062
2000-01-28,-0.24748111705793657,-1.0948172344768785,-0.405714232973636,-0.37858675025315375
2000-01-29,0.009754641842468595,-0.4169827536460102,1.377814222435863,0.46612564457701927
2000-01-30,1.5967173270874,0.428191294431858,0.5131718072935851,0.2643199286800747
2000-01-31,1.7442926443561213,0.13670128940433107,-0.7343434711389775,-0.22628702365345726
2000-02-01,1.4477032098732523,-0.15432802979756405,-0.18797720008496532,-1.1955073598509325
2000-02-02,-0.13835114659059228,0.10773879633823741,-1.315991749767674,0.03937001725428337
2000-02-03,-0.8758088662556087,-0.9698555515033509,0.97500883525283,-0.11242381849500127
2000-02-04,1.009998435333504,1.0056536946042522,0.3622805755150007,-0.5200784735685984
2000-02-05,1.5834947167302216,-1.9587589902413003,-0.8096007803486586,0.39288437202389803
2000-02-06,0.27986233924838605,0.5727396562978311,0.22074758328966707,-1.992905916848699
2000-02-07,-2.1504599313813255,0.8809962470951962,0.6478352740394825,0.09143522887000412
2000-02-08,0.9121983905610598,0.007123137994223169,0.7575540342330853,0.23806422867399574
2000-02-09,-0.4743704150464822,0.17467432425480595,-1.023603634799039,-0.04208334584910505
2000-02-10,-0.23479000743321213,2.645401228507817,1.1803452522229987,1.0149951186362407
2000-02-11,-0.03037640524592368,0.5854472800476472,1.2960257276329892,2.383282656651676
2000-02-12,-1.4856727336217446,-0.9904473319017522,1.2113759674697557,-0.183816397057151
2000-02-13,-0.8255553198746896,0.3524378471974481,-0.18696741532122071,0.7821578538633115
2000-02-14,0.462960730120349,0.5460152238928396,-0.8005927784656521,-0.5555910549351939
2000-02-15,-0.2207146196461714,-1.4572384347919338,1.0696283777010314,0.25228488205380833
2000-02-16,-1.334852015084354,-0.8784387301067839,-0.227494684126151,0.16984238537592478
2000-02-17,-1.5426150989527787,0.13489657852950537,0.38566105781568705,1.2382830070489723
2000-02-18,-0.8267712756555661,0.26177046343161603,-1.163720183264938,1.2934657945390862
2000-02-19,-0.47590261974966935,0.1593000388732133,1.3238985592124435,0.2162186462198011
2000-02-20,-0.5740325047701238,-0.9114226126192742,1.5919035927059224,0.09494265393437226
2000-02-21,1.2430285292191174,0.6137941311953334,0.21928299783129174,-1.0488257788021067
2000-02-22,-2.8128265341410383,0.9566868805684586,-0.005665716922175349,-0.5742687017736804
2000-02-23,-0.7596457985645927,-0.9071098064682178,0.5388150233573671,0.443000029446255
2000-02-24,1.2669376731311524,1.121283848277251,2.0362216624028537,-1.0876461109262499
2000-02-25,1.168787108472147,-0.31063885349342196,0.33867402618727216,0.9557916137369766
2000-02-26,0.5443334907727835,-0.6763342402164753,1.8851697780062784,0.516917242916648
2000-02-27,-1.9314201170167467,-0.15097562050622088,-0.7357208849626138,0.35938697705318623
2000-02-28,1.2160510809785459,1.0796437421029277,1.5521323848200177,-1.8560511309269825
2000-02-29,-1.2311730707611164,-1.2994910301679674,-0.010395978056777758,-0.7939787973460147
2000-03-01,0.6864150933915479,1.043149919563642,0.9316927952134254,1.9122121184292795
2000-03-02,-1.2168147139418726,-0.10099980704728928,0.3007684859318404,-0.75600507008897
2000-03-03,1.0282880275007615,0.01352197469923049,0.24755798221761272,-0.22743676437029836
2000-03-04,-0.11201926504123058,0.12261674176795924,0.4771924003482035,0.3423856698772898
2000-03-05,2.4434615965337105,0.15892371194846125,-0.1620640400653533,0.38444777094917343
2000-03-06,0.41926813061819546,1.62267989440135,0.19114506974481402,-0.21015972074012754
2000-03-07,0.8733024421353425,-0.19544807987414378,-1.0108402809762471,-0.758392014416522
2000-03-08,-0.03467264343828523,-0.5180052683740292,1.125801916829526,-0.7463018097320648
2000-03-09,-1.9904782824637248,0.5722097534038294,1.3495835448853266,0.1737952933388881
2000-03-10,0.4061073506877806,-2.006464219627616,0.031146491897836942,1.8318471868936668
2000-03-11,0.5777749823405061,2.4823410422600647,1.775036046814246,-0.3246537887032406
2000-03-12,-0.010187386846551938,0.014952982021779512,-0.20707571348602608,0.34953882952001064
2000-03-13,-0.522790333484578,0.3661423559313252,0.4641930647404899,0.6371503732690259
2000-03-14,-0.25928192289673774,-0.2734158194699109,0.01900463034319646,-1.0071604885321255
2000-03-15,0.7767396474606957,-2.334743486933094,-0.5151085568287846,-0.08912395710500544
2000-03-16,-0.4623355239103654,-0.9111619252165815,0.21279490850147675,0.749132350765441
2000-03-17,0.7616816848911789,-1.2418367479552672,1.174153331237858,0.965211425013459
2000-03-18,0.12915553081603454,-0.055348975028829434,0.9226878501633181,1.240294342867007
2000-03-19,-0.09526914391347903,-0.49945190162824177,2.1329801878139807,-0.6252561623289102
2000-03-20,0.8070116076736303,0.6533759871366628,-0.10005886926078605,-0.6435425786573704
2000-03-21,-0.2543010063129828,0.9846043903779985,0.22751837004424108,-0.7917023938870358
2000-03-22,-0.49390774679840843,-1.3715761407553015,0.30291189200298774,-1.015289784634361
2000-03-23,0.13882259505529856,1.072246265337265,0.15764330456987535,1.251618323820379
2000-03-24,-0.6687787119803887,-1.042468133456018,-1.8248117085526292,0.5560723385608075
2000-03-25,-2.145594260140365,0.1823485290090834,-0.4073143876494142,-0.17524282230313953
2000-03-26,-0.5350684505401403,-0.20317389298241115,0.772640582506908,0.5406718886199028
2000-03-27,-0.6911289648159545,-0.10976729381138833,1.100119653484298,0.23779859848058257
2000-03-28,0.672527702329023,0.49131310354969565,2.251693753640846,-0.7286137875484608
2000-03-29,-1.1482096755230666,0.2767780249058103,1.7178355639965135,0.6047129778633847
2000-03-30,-2.1401308496676683,0.07327136082510476,0.795568133773522,-0.5002819672410591
2000-03-31,-0.22209415556681025,0.9025511270622406,0.744414972586853,-1.5019460173837798
2000-04-01,0.06667048700046296,-0.9846919334812647,1.2967457651542713,1.907910309392286
2000-04-02,-0.1508499265213917,-0.694973699331868,0.4890499522789122,0.3265837756937817
2000-04-03,-0.44221231326869165,0.36304230952875094,0.8794040902606194,0.772323245254954
2000-04-04,-0.20842768595567765,-0.11954047937489319,0.8732700876777162,1.6754862644812616
2000-04-05,0.23168518526840368,-0.15726058491705758,0.033494883983347754,0.345353754159737
2000-04-06,-0.11688612506594473,0.20904167158975853,1.1765553759481973,-2.591206650375147
2000-04-07,-1.5713210991959912,-0.9589715041295231,0.5206094263810425,0.005163867623703148
2000-04-08,1.0523278063867212,-1.4411029089555456,-0.756734969422735,2.3100498113454986
2000-04-09,-1.212104490429207,0.2857220551875864,1.3400582095577465,-1.3251346449115442
2000-04-10,-1.3227938462784603,0.9140092224530465,2.2359579454053895,-2.115404536240518
2000-04-11,-0.8963229692391159,-2.0703618223278077,-0.5321326538413864,1.1173106890545808
2000-04-12,1.2363588402979313,-0.0884273827369412,-0.19961817211631083,-1.161330951453876
2000-04-13,-1.0517164329343938,0.23313484538308588,0.29790673228014414,0.023670802076563646
2000-04-14,-1.4370866911411548,-0.5699604002433127,0.500461007604154,0.9449205266259663
2000-04-15,0.3227494188429523,-0.6957582631293525,0.8419701014001004,2.238218249317692
2000-04-16,0.9461183088000613,-1.147646540734835,1.3445592824317514,-2.284678479709236
2000-04-17,0.34858585154620747,2.551757599755196,-1.0820116527844796,1.853268797619396
2000-04-18,-0.6223469264584685,-2.332729596897598,-0.10999983184265948,0.5486857995898463
2000-04-19,-0.5999573768948508,-0.20445480706557134,-0.4867462527639806,0.5744803005862238
2000-04-20,-0.49613317551610875,-1.2237542848428453,-0.10308031519689895,0.23903503229843664
2000-04-21,-0.7612627723625024,0.9465652647323683,0.2429769410101348,-1.4934323664355122
2000-04-22,0.5997009122945776,1.099495867200821,0.2004667449151134,0.5053427994329186
2000-04-23,-0.4726715661405152,0.45647225250837475,0.6631191591981694,0.15435803737465256
2000-04-24,-0.3032437199447867,-0.5579306530594662,-0.19443263604960334,1.0490946922383704
2000-04-25,1.2092236143393957,-1.7260752194524898,0.4793004271690149,2.2469105701673393
2000-04-26,0.16896012723820744,-0.2720789529547685,-0.9793679851064924,0.8249377480166765
2000-04-27,-0.3028726606864063,0.09284451983718382,-0.18451839694507108,-0.32291082643770525
2000-04-28,-0.31574280390856946,-0.8174419461156097,0.9640999101455796,-0.5590915718934676
2000-04-29,-0.021028431275110167,-0.07602320702936344,0.8134214656165432,0.3413670927226043
2000-04-30,1.5355077945369697,-0.48908109457224724,-0.5435889670697206,-0.2634800116982426
2000-05-01,-0.02639592905441601,-0.6891807215687826,-0.9578122272804722,-0.2481194746837745
2000-05-02,2.1764272379181198,-1.6414819672601757,-0.08560919195590201,-0.1967367010642518
2000-05-03,-1.5944805702955036,2.1564717347626194,-0.35001853177118986,-0.01603394448399541
2000-05-04,0.3311396607738007,-1.875156974805781,0.3896369603478312,-0.7345710177137857
2000-05-05,-1.3425057289018865,0.8547386136571161,-0.5667625635754044,-0.44379948472488456
2000-05-06,-0.3080504288978595,-1.830655462506288,0.9910989730783017,-0.27710690420268635
2000-05-07,1.912227709428808,1.1436488692855262,-2.46371447949485,1.8520318712241035
2000-05-08,-0.9683041653642662,-1.3382363465215124,-0.4646722609305966,0.9090493253929307
2000-05-09,0.511760432139016,-0.8186906634801306,-1.381005020037285,-0.06817090619063731
2000-05-10,1.0224415040253914,-1.8316748201107411,-0.39265887644746617,-0.7781333513996967
2000-05-11,-1.2191390989453499,1.7830988545781654,-0.6690389786470152,1.7054020270814694
2000-05-12,1.0075179740253595,1.4432702179512618,0.6315353873728783,0.7686171572228457
2000-05-13,-0.26709195187673607,0.6667100417390167,-0.04207660276420519,0.5790433496922948
2000-05-14,-0.28215030363152727,1.6987806925965676,0.20422574436244478,0.4037863480030777
2000-05-15,1.9176606672030854,0.8069069201465698,0.19158910167551604,0.6204808324847577
2000-05-16,0.41096528554760176,-0.63952450375805,-0.45328933267238847,1.1610292674681895
2000-05-17,1.2280357787412735,-0.1355599730338597,-0.11554210451433429,-1.0733037762638402
2000-05-18,-1.9053130814251305,-1.1173171306155896,-0.5603918416070686,-1.6475434691919666
2000-05-19,0.3389065806253294,0.8935680135620522,-0.6495157038426466,1.0893489676221433
2000-05-20,-1.047358834359078,-0.7668243778726911,0.7149131486816278,-0.018301201951178868
2000-05-21,0.6704888106048322,0.4992652253116173,0.585719020701426,-0.3768958104328351
2000-05-22,-0.07034952987016763,0.9407224140899093,-0.9939768532725756,-1.6322699158432334
2000-05-23,-0.4072747879751153,0.9438163652210709,1.1345173866147495,0.7145670786449996
2000-05-24,2.1440456686094995,-0.9112016241567108,0.2678301747312151,1.8088762839277397
2000-05-25,-0.9274849518803948,0.23376107191892548,1.1739480157277562,-2.091871386715993
2000-05-26,-1.8320272589528868,-1.2601574731316523,0.7559523005342147,1.3214367169289725
2000-05-27,-0.28258879870285203,-0.5414762609512049,-0.8183231627936962,0.18708926014046878
2000-05-28,0.4925957648595241,-0.5492304211019596,0.47854174107696495,0.6418174108885468
2000-05-29,-1.1630671945979678,1.6739374837657404,-0.253259517463925,-1.3629680754143065
2000-05-30,-0.10795626872198585,-0.6469134344250435,0.207344099371392,-2.9280603849538474
2000-05-31,0.4248843327646351,-1.4158328474689812,0.540834160007725,0.8929861788349248
2000-06-01,1.5566882548075753,-0.4499169627277305,-0.9082798578748593,-0.7470696796324633
2000-06-02,-1.3881302534691295,-0.6444709815770902,1.13574284934334,-0.5618088635784101
2000-06-03,-1.907906701860141,0.05241076998392123,-0.21164354056624746,1.0486146067565087
2000-06-04,-0.4540392463275309,1.216170969820457,-0.6587387426440499,-1.2637640209285215
2000-06-05,0.006424214205639668,-0.19552946598694126,-1.7130065712728977,1.9717529020534938
2000-06-06,0.5416001492735577,-0.9504461439795135,-0.6342290833378451,1.3934186325925495
2000-06-07,-1.0828452315218262,1.427829215540014,0.179662354530757,0.34339696139755416
2000-06-08,-0.33165219330547563,1.064985896786662,-0.6496501817660494,0.8067011777989271
2000-06-09,0.8637201549742823,0.7972493491886752,0.26809050264502304,-0.4885996280811812
2000-06-10,-0.09263958693318783,-0.341938250760878,1.13236571233726,-0.2775339152312264
2000-06-11,-0.17344166654477453,-0.3429733703649743,-1.4367604831475957,0.6040611742331423
2000-06-12,0.8165837214032597,-0.7922790413195643,1.4817562388677963,-0.41776546322170827
2000-06-13,-0.5623960728538961,-0.30246099824768546,1.3290437129295813,1.0130254995160608
2000-06-14,-0.7069163393346115,0.9725602715998398,1.1585098649510919,0.6368947405696981
2000-06-15,0.3566227481616917,0.7962945163442707,-0.3905355918128242,-0.1320793336489586
2000-06-16,-2.0938388492369606,0.4066678673037603,-1.6143409669293982,1.2092487005354606
2000-06-17,-0.7931318946697363,-0.009079473962527404,0.7623807016173644,-0.8254590331238109
2000-06-18,0.44193532544234954,0.41846637306452283,-0.13818586831928326,0.36180485286884606
2000-06-19,-0.17827928583296954,1.3493946178117493,-0.05036780124840096,0.08123941530124074
2000-06-20,-0.8317801249187752,0.8461749256865222,0.34462675406168275,0.5539515216058267
2000-06-21,1.0931902500266923,0.08573843778672263,-0.7579897633076949,0.44934826099675845
2000-06-22,-1.1017673226849163,-0.6588727807717275,-0.04022489459241554,0.45290771490396503
2000-06-23,0.6006922600760941,-0.35172330089587656,-0.32828562451187665,0.13385194847015291
2000-06-24,2.376395861529495,1.0874828779032408,-1.0750516671358603,-1.4668569064799886
2000-06-25,1.0860386721469446,1.494315842193124,1.4388082437264484,1.8133554197069894
2000-06-26,0.2830846315245548,-0.39819084092837104,0.08964067697273324,0.30062413668512605
2000-06-27,0.3828579538111258,0.9210954963235498,1.3356899683710524,0.371419412408601
2000-06-28,-0.87181554438308,0.5540869910628311,0.05441481445960136,1.1982360840400634
2000-06-29,-0.20824714330597457,-0.001552707148936602,0.5500187746506316,0.2748989055102084
2000-06-30,-1.8930245199473947,0.010938835092217927,-0.2057997775753772,0.20074905463365214
2000-07-01,-1.4091164194722905,2.2061574310127816,-0.5262267006099418,0.4132285150453474
2000-07-02,-0.8195790171325764,0.43268888990255755,0.5024193639243357,0.3517817892432447
2000-07-03,-0.4811508600811777,1.4733140455036082,0.5345982482467353,-1.0474382271395446
2000-07-04,1.0750903216352579,-0.5463759078543868,0.055225043284435504,1.3250878383707003
2000-07-05,-0.39289258976734465,-1.3440250278417076,1.6977445058067306,0.4340282715285545
2000-07-06,-0.15410842437288358,-0.19398886408745233,0.0678718527339516,-1.3777337902046027
2000-07-07,0.07168927017712348,-0.42058443346034996,-1.8153123106255775,-1.7356987191508226
2000-07-08,-0.286317778629249,1.9198711567448072,0.5253866234450767,-1.7560979817651743
2000-07-09,-1.828079188389003,-0.06809291336974192,-0.8485702214842823,-0.7321586319079411
2000-07-10,0.04888391432194125,-0.0914264503283893,-0.2633421331471795,0.37269552939478817
2000-07-11,0.9270926649266443,-0.045960547133562006,0.1861311558101525,0.5193934915471057
2000-07-12,0.9891559559874588,-0.7516410771926408,-1.4763280975145594,1.9963178691269774
2000-07-13,-0.3062545897356827,-0.012344557702651351,-1.1045755347989104,-1.0471502520387017
2000-07-14,0.45915121108594964,-1.0405865270192547,0.8412965465559825,0.8503451142601387
2000-07-15,0.7922434094504187,2.2722178405401903,-0.3039677913486562,0.5053218774345236
2000-07-16,1.211600274671672,0.3971693672675723,1.1097041115718735,-0.12019267482024606
2000-07-17,-0.7740022586052121,-0.6322738067912395,-0.05977967167179307,-0.6382286842015085
2000-07-18,1.0537966992123586,-1.2363458358212116,0.05873269306540657,2.0986801935440464
2000-07-19,1.1813529972693821,-2.493379458648969,1.682549443260724,0.00980231660960229
2000-07-20,0.21525583695434133,1.8943995117713068,-0.21555801807857086,-0.589759775727817
2000-07-21,0.8311676411629413,1.09020401205002,0.06918669029381533,-0.9457611664304687
2000-07-22,1.0650543869117086,0.29230418313138995,-0.8424279969395658,-1.0140014391209922
2000-07-23,-1.7516237128515504,0.6358655285169436,0.10589349759614658,1.5534212739035238
2000-07-24,0.39346289675952395,1.4436918212236127,1.1216849380293925,-1.1010325705053845
2000-07-25,-0.9299566006923592,1.0903015787413988,0.3220915967804919,0.9791760581509519
2000-07-26,-0.3923764452433959,-0.9064421153422623,0.48708247645982794,-1.3752418157240531
2000-07-27,0.7068795128492847,-1.2850030316126235,-0.6696038994862872,1.5355788774320775
2000-07-28,-2.3168933198631536,-1.5132740459402125,1.0685316189822514,-1.154126566563692
2000-07-29,-1.2127457022915438,1.4903885223694648,-0.5024156207166014,0.03647211479149513
2000-07-30,-0.12318871927090455,-0.04246781019258682,0.9997881003651221,1.323737381901491
2000-07-31,-1.4459240461158975,0.6619898783437603,-0.08122676468641311,0.6011141920600204
2000-08-01,-0.305323376236019,-1.1148997152098439,-1.078022089705571,-1.3268297761146906
2000-08-02,1.1411629682621056,-1.0519794160722549,-0.8073738875458996,-0.33325286433624524
2000-08-03,1.389382447478986,-0.42890821770765386,0.1489665423074579,-0.4000827381454564
2000-08-04,-1.1084070331005,0.18615991567367768,0.6146853991000503,1.258173148821496
2000-08-05,-0.08157453676674196,-0.23688695891426592,0.8454245594805563,-1.3293972574724202
2000-08-06,0.0887556892092478,1.9281471067603613,-0.5812679756989689,-0.43581109042436367
2000-08-07,-0.20383453411140892,-0.6410610561402263,0.09063563156894594,-1.230217583628576
2000-08-08,-0.6661855912356648,0.8704538831640168,-1.3562782184377993,-1.8554580132872456
2000-08-09,-0.2479850307919042,-0.8368680950476578,0.46824344523411504,0.256168412424158
2000-08-10,-1.4080354320402384,-1.759894921545918,-0.4701689910922264,-0.40761802539885345
2000-08-11,-0.7724073064192946,0.29260595089051555,0.3022420310130963,-0.1964585442900995
2000-08-12,-0.6752647927933604,-1.2225613495785408,1.4579824966312203,0.5101646370199869
2000-08-13,-0.37225218866292664,0.27081441332696293,-1.403274971964593,0.42546740782174103
2000-08-14,0.6779594293730221,-0.7658689561289007,0.748237355104826,1.5758875153483423
2000-08-15,-1.523294241024084,1.472721650341,-0.05517841267441104,2.2929666737549623
2000-08-16,-0.22574845099600518,1.9548051796716501,1.3530935620522613,1.6853169094645948
2000-08-17,-2.250706250001919,0.01192537055724842,-0.027324315119974574,-0.24259805510610363
2000-08-18,-0.3868118404459738,-0.14609410715811297,-0.23798923084676482,-0.6814038033490403
2000-08-19,-0.9660099792065128,-1.0347090030611308,-1.0705428260162582,0.3369176919378671
2000-08-20,0.853960238320231,-0.01568125837042299,0.3608929983046688,1.6468960102132117
2000-08-21,-0.7346292307929072,-2.536785770652453,-0.0615293282689088,-0.4936259951814391
2000-08-22,0.9394809204591519,1.027688321166498,-0.3213102257316782,0.22921704026369605
2000-08-23,0.5223693695083399,-0.7839553253193906,1.794966939866917,-1.459441567929641
2000-08-24,0.5392976008634196,0.0016524127314778468,-0.7996879186932535,-0.8029062024098839
2000-08-25,1.5421168764600564,-1.749199228743467,1.9555969795946657,-1.0870757997215652
2000-08-26,2.327219828874464,3.0862536996043093,0.5215419061137685,-0.29455598569706976
2000-08-27,-0.12258808754379047,0.885419280490402,0.24148938552821556,-0.288879653331661
2000-08-28,-0.911883760188346,-1.2068825516646193,1.03599854864751,0.5717424345558866
2000-08-29,0.7464041726463997,0.574254146266758,-0.9296975489220443,1.2116667854758378
2000-08-30,-0.34049035132494204,-2.1001615636634376,1.3054600831618681,0.7913644100947533
2000-08-31,0.12652314589704056,-2.1873173127986867,0.06074587429701774,-0.5649663988810323
2000-09-01,-0.3474499253525747,-0.1614823620541405,0.9174682957401752,0.8002912996047293
2000-09-02,-1.5243372346415816,-1.3870514419903812,0.04261290701368435,-2.0588069060087277
2000-09-03,0.5600192389370098,-0.3079531373679353,1.9797275348959498,-1.0106518935660989
2000-09-04,-0.8691074932941968,-0.008018515409054046,-0.3295743288208182,-1.9211189707318501
2000-09-05,0.06787049489513663,0.02427095982132398,-1.5936067739325348,0.5583816015991647
2000-09-06,-0.19802441821854305,0.8399619097118636,-0.48676998195124815,-0.9384102573061046
2000-09-07,-1.9762189965406154,-0.0521359063642408,-0.22043160542866216,1.0389569616148553
2000-09-08,1.7232015565177052,1.5583027246753078,0.3085009990962519,-0.6664558215852647
2000-09-09,0.16195598087988392,-0.08924005523865183,0.24752285992381087,0.31255573503291717
2000-09-10,-1.1356385665243534,-0.5559269627500442,0.02544521779725723,0.2532287513587366
2000-09-11,-0.31736210323628633,-0.3411765844363467,-0.6898761055972525,0.528049439682978
2000-09-12,-1.0234609158507282,0.575732206958231,0.4611124999812002,-0.016385056644942275
2000-09-13,-1.3802991875037696,1.6155077233892101,0.6462204493824207,-0.007435382110509819
2000-09-14,0.23156563504130429,-2.1027501879988497,0.007198595076836586,0.9214281279295081
2000-09-15,-0.43828968198821666,-0.14215703468437493,1.7163102645670518,0.11996844519375881
2000-09-16,0.7126646609058132,-0.3108990210851511,1.4447696391055416,1.1056097407650984
2000-09-17,-0.34963293659848943,0.03056239951465289,-1.2981953451265067,-0.123365684550045
2000-09-18,0.332916526065866,-0.5069743299612862,-0.6523907023426291,-1.0421424176750664
2000-09-19,-0.7779836706492411,0.9111296937264898,-0.16291109715220725,-0.6023138151407569
2000-09-20,-0.7708044046745541,0.11542337828979467,-0.0846079152343387,0.1593555423944152
2000-09-21,-0.5544600612654179,-0.562406501595703,1.9834008870264035,0.12947376468739769
2000-09-22,0.4150855074025642,-1.1012004484334539,-0.3292680556265625,0.6175111755113392
2000-09-23,-0.7394739541571371,-0.5248440696426949,2.5143672914873925,-0.4440336407960104
2000-09-24,-0.3827985370733396,-1.9671026083123047,1.7803544603178287,0.40704422206312935
2000-09-25,-0.35194087660328766,-0.08349199331320822,-0.343939029177559,0.18807982483197783
2000-09-26,0.15783801427554386,-1.3453209564326196,1.048491977196461,-1.0105848309251546
2000-09-27,0.5801417682349723,0.19876836694266226,0.12321585575445591,-1.0578915478862925
2000-09-28,1.0009094562995844,0.6114943504911972,-0.6388861880662438,1.034378283614556
2000-09-29,-0.10265155058293467,-1.6235933173707846,-0.49255804830593986,-0.241819809894837
2000-09-30,1.5939946101186195,-2.2984169500561524,-0.4329288416427787,-1.8524901712336492
2000-10-01,-0.0334223199725884,1.8269982608905944,-0.5476411291828893,0.5377692756256421
2000-10-02,1.3024546168819946,-0.8101368911127655,0.14738860463575176,0.12185051207735649
2000-10-03,0.5399095059908668,-0.5486534419701741,1.397137563746907,-0.05235963292629184
2000-10-04,-1.1368691990662014,-0.7698758248236871,-0.15938232394814095,1.0312075107826588
2000-10-05,-0.26823469293960384,-0.44589845734761074,-0.5631268393209473,-0.6588466632024947
2000-10-06,-1.2340062945064054,-0.17909181388704876,-0.6491596262829065,0.12067013534962574
2000-10-07,2.0773945521756954,-0.44126730841390976,-0.10120306616816184,0.1984767935199206
2000-10-08,-1.256039196716199,-0.9389377304996381,-1.7219591851457234,1.2896339562364154
2000-10-09,0.09328236231310602,0.5340103245084824,-0.5327815141568695,-0.7338955664846792
2000-10-10,1.0449348966133436,0.9208184597113559,0.957947478326897,-1.4518334295108188
2000-10-11,1.5408046107289073,2.178962250239618,-0.623531743347415,-1.3289618902850304
2000-10-12,-0.43958451321683534,-0.13083007375627492,0.26469430398754545,-2.7918245474677326
2000-10-13,-1.4463759843479715,-0.3544766500124917,-1.0439510958812745,0.1274121993001147
2000-10-14,-1.0857719467917248,-0.014069930689113346,0.07040555088057979,0.04076417419887231
2000-10-15,1.7296447954021266,-0.17541558844234995,0.8500765913879631,-0.06262952734590252
2000-10-16,-0.8625903719201993,1.03445855794653,0.08597342557697556,1.2347713632784014
2000-10-17,0.12592931131209562,-1.4758905895857708,-0.6162806088435351,-0.15421718950221985
2000-10-18,-0.9946132286763749,0.692060514179892,-1.4753570831108205,1.5712113233092182
2000-10-19,0.6806785603768809,-0.10226516781561916,0.035317738192458654,0.48355578483794576
2000-10-20,0.07665257649444165,-2.1054977651694107,-0.11913974033233268,-0.18984604244690487
2000-10-21,-0.9087350227962232,-1.7660767965094657,-0.30557745737171,0.13114708707458367
2000-10-22,0.37901484614161124,-1.4897314800369164,-0.0006675428817706501,-0.3824732260125928
2000-10-23,-0.8771809676363023,0.6905811472247512,1.0232156279170832,0.32219418521882326
2000-10-24,1.0008972669621117,-2.607475969291217,1.0177612857986262,1.6296396219773455
2000-10-25,1.1976520669819404,-0.4871614476751369,0.9451342403053326,0.1645375262913558
2000-10-26,1.4479722494414289,0.44009022662349473,1.1997151897725482,-0.7079401200715127
2000-10-27,-1.1916354960249456,0.29570410814228865,0.19297917631121586,-1.0404198706807322
2000-10-28,-0.3527602500905943,-0.077321917778071,-1.011947417722563,0.4234938451969342
2000-10-29,1.248366447829151,1.1475097830417655,0.09364749867713985,1.0576801802685736
2000-10-30,1.2528704523395056,-1.3794096391460973,-0.796029625286099,-1.775632980302619
2000-10-31,0.7557461870508053,-0.0377097386535115,-0.5936141986470745,-0.3334832596359661
2000-11-01,-0.6832021464017722,2.7239355704268085,-0.3641041257962175,1.5859674520887057
2000-11-02,0.13290653810481223,-1.2611761202436862,0.47990444449952224,0.09894438160063804
2000-11-03,0.7110479706499113,0.23367581029757267,-0.15735268314351109,0.5462547493081565
2000-11-04,0.6383609323377366,2.0810755544912296,-0.5937734707187687,0.3036116343832409
2000-11-05,-0.7216885382264884,-0.2921116764976364,0.7113041191402633,-0.7357470502126414
2000-11-06,-0.771681752780717,1.1062043186354855,0.18073584935864112,-1.2785723362850263
2000-11-07,-0.6793553071139814,-1.4657081131580176,0.3615104981957559,0.981566538418147
2000-11-08,-0.2264787620652305,1.7390179486139299,0.3509184411235791,-1.5715861943385072
2000-11-09,-1.2272257729356648,-1.6176736467921164,-1.0715679528795383,0.09283356115591251
2000-11-10,0.2122040686743767,-0.32613578621302486,0.36018943715243046,-0.15699428403150353
2000-11-11,-1.1315022959027938,-0.9414928549099723,-0.3732611057363213,-1.375740281180475
2000-11-12,-1.9418702431407688,-0.4362057979248749,-0.8385734137955038,0.6420456235172833
2000-11-13,-2.0902961295763163,0.16547729106556305,-1.0682119040575002,0.14595154056686704
2000-11-14,-0.4136189799150589,0.2681145697770438,0.7434040826186122,1.209043701382598
2000-11-15,-0.298713390516042,0.2146828814247662,-0.6398289886883879,-1.2918827093834693
2000-11-16,-2.161211504127764,0.5972738560021505,-2.2971854115628307,0.03723173724629321
2000-11-17,0.1434627592559149,0.589742434078402,-0.13119430133124155,-1.3154547318635699
2000-11-18,-0.03212707189411558,0.948214474406762,0.2179401782499722,0.07917261278229769
2000-11-19,0.026042511629203086,-0.037776471081848804,-1.3046415803516813,-1.1599860684933885
2000-11-20,-1.6827855482501035,0.5191350443374935,-0.29437411846646555,-0.3088844717173488
2000-11-21,0.4789900309674192,0.4264829579172727,-0.36871584646028516,1.932203351242814
2000-11-22,-0.646128318788708,0.752008371430497,0.10146348505195976,-0.2656432707613689
2000-11-23,-0.8829526827271903,-0.9760808422914881,-0.14656936148563685,-0.9586097052516487
2000-11-24,-0.5372515633533774,-0.7091238169568064,0.5066853791384285,-0.019537832287062525
2000-11-25,1.4254181105010213,0.6746622955636818,-0.17173889351232077,0.5578045609990563
2000-11-26,-0.6897283494158396,-1.385733126683746,1.2908060443748357,-1.625920079661157
2000-11-27,-1.073674997407843,1.094041312170137,-0.4603905142450753,0.5922429319655084
2000-11-28,-0.07448574097622417,-1.2506092762765852,0.7297983463802976,-1.0579785871999685
2000-11-29,0.29826205475064704,0.44129135888564575,-1.3445047640410832,1.3443762274393238
2000-11-30,0.035517188593393034,1.4649847777325005,0.11993749271335635,0.22410343406193803
2000-12-01,0.04113229561004379,1.0964926956718033,-0.41346122070836744,0.5032570420960543
2000-12-02,0.05137941522689014,1.4393275853461416,0.06623814045606112,0.8412046746428382
2000-12-03,-1.5895565264822036,0.0069177545126955405,0.07609072920853448,1.221636557333511
2000-12-04,-0.5680846538618689,0.07988122565324816,0.6437565701878839,-1.0444749405776015
2000-12-05,0.12293042196659996,0.4613680343913983,-1.230898905131768,-0.29502198686484077
2000-12-06,-1.2183744208643337,-0.07455179906184102,2.1320923336730635,0.6488488053521771
2000-12-07,0.25889916462184914,0.24462639634798505,-1.1107999297829154,-0.5973823318425704
2000-12-08,-0.6488111531871859,1.268826826371679,-0.5278024129326174,0.7435921958645244
2000-12-09,1.3997328356246779,0.7717824275446173,1.662681015480043,0.5689298381521415
2000-12-10,1.0591268515555872,0.6735139590119771,2.408524200950956,1.803442161330739
2000-12-11,-1.1816124397300396,1.010798785204286,-1.1293136011793643,-0.2312129615816288
2000-12-12,0.06298701844988369,0.03391848826864189,-0.8232600580390322,-0.9677107937269701
2000-12-13,-0.6154739697110563,-0.7145835626925678,0.6144090197687325,-1.1492580316639995
2000-12-14,1.278492305735448,0.3417966223254569,0.7916813743025274,-0.45408083199027566
2000-12-15,0.479846526462086,-0.8033250007746491,-0.01096812738302256,-0.45126022569022595
2000-12-16,-0.02297295452122242,-1.0930306037549256,-1.293851141831386,-1.7296622276119797
2000-12-17,-0.7081866748173631,-1.0579687111750198,-0.2584603367843393,1.6643200611180986
2000-12-18,1.26395812515618,0.7636307036127868,0.22187633589338432,-0.28104479447417585
2000-12-19,1.0987871027172493,0.6607395997964035,-0.6094220802372126,1.3357949387138288
2000-12-20,0.29040119157425237,-1.2449366564232733,-0.8860278561412197,-1.6563582792923095
2000-12-21,-1.3617698220070213,-3.0167057687647407,-0.9938931049756801,0.5821343300472073
2000-12-22,-0.43715447659494905,-0.5088199869570356,0.8660146964623939,2.190020571709297
2000-12-23,0.6291129277883352,-0.6260947954459117,-1.189540582100635,2.0034719092523905
2000-12-24,0.16849332639383757,0.5721270692878652,0.8512492368299636,0.9193635985633949
2000-12-25,1.1135409507309755,-0.6650593662040474,0.18388498896781963,-0.7591899243442227
2000-12-26,0.7751418534071983,-0.02216687295891495,0.029905196655800017,-1.015851292887523
2000-12-27,1.2990239921210356,-0.27490424053990664,-2.0694382163048743,0.576823581234212
2000-12-28,-0.2628705541569527,0.592355182395933,0.9964612717825424,0.984085496958005
2000-12-29,2.52994844525683,0.7058663503235957,0.02428332531397015,-0.248129617925362
2000-12-30,-1.3005618118293814,-1.2139462843097542,-1.2373033418325228,-0.10161898027887732
2000-12-31,0.5370064665665336,0.09291159187263308,-0.4467775297920038,-1.9986647868246934
2001-01-01,0.47020780423643166,1.075240639297059,0.568372481185018,-0.7345181260869093
2001-01-02,-0.09917913788432071,-1.8737634091125954,-0.21733164394023888,0.5739453439886021
2001-01-03,-0.04389236863825238,0.9849259208110965,0.7783044267481389,0.24441225735455024
2001-01-04,-1.6102084699210946,-1.0850871655916992,-0.5529720428820342,-1.7320066040880242
2001-01-05,-0.16722376552915288,0.06550223337850712,-0.6599877331017654,1.1247788990651684
2001-01-06,0.6206939828145038,-0.016875111160169074,0.6842497839369521,0.5502702903018458
2001-01-07,1.5672147684665017,1.4196006841974413,-1.209234893579752,-0.367080244056762
2001-01-08,0.07411223172403444,0.08790890019955168,-1.3070661414492084,0.08208992958330553
2001-01-09,-0.5677188562220302,0.8920431098140895,-0.4789581262632464,-0.7583826464295452
2001-01-10,-1.101409610157576,0.22619756158053603,-1.3693302265922682,0.788474288417926
2001-01-11,0.5112193031123486,0.8479696927683793,-1.2367732271868404,0.12117857011701365
2001-01-12,-0.9970469679284899,2.2071629436521913,-2.2579031180822113,0.3372935716939912
2001-01-13,0.29178314224453805,-0.686976742460838,1.1788110944572128,0.8811949353405103
2001-01-14,0.24489734197765073,-0.7632688208174877,1.4248332424479537,0.8602015483526115
2001-01-15,-0.4167266921776537,0.7514246036464212,-0.9380997042568259,-0.38880395174113025
2001-01-16,0.1310488180856555,-1.2668403300923676,0.7583444189345081,-1.2822948732783177
2001-01-17,0.02574660479464655,0.9671496349941754,2.3652825586219643,0.5898823904763493
2001-01-18,0.18244215450898454,-1.1469666067591249,-0.1948528391911131,0.38638104255822014
2001-01-19,-1.2378485766096867,-0.8277655045485222,1.6900337637546627,-0.03250794261217743
2001-01-20,-0.6083167826405104,0.718648130111481,0.9740175346172989,-0.7021922979296025
2001-01-21,0.5785122086820578,2.2219478829856905,0.8440532444554166,-0.9866484706675129
2001-01-22,-0.6985298822287705,0.11282341260355147,-1.0067785060232766,-0.0032233443161846288
2001-01-23,-0.8598296040205841,2.075683581701172,0.32741435954035314,1.0999875545501323
2001-01-24,0.5462730095196746,-2.506234502233392,-0.8159522791076116,0.30432949988673635
2001-01-25,-2.0385507248380517,0.42133553672097473,0.6484423001350615,0.8293959454379581
2001-01-26,1.6787996920199215,-1.754780806456188,-1.3220490180671807,1.5127459576968505
2001-01-27,0.21485207864257136,-0.7499386230638116,-0.7861143936382452,1.6685776108116237
2001-01-28,-0.4096945989315009,1.5158605458896148,-0.3725197657607883,1.818061866798623
2001-01-29,-1.72869598391438,-0.8209383335551056,-0.10406111558929575,0.5539676199831737
2001-01-30,0.08455135680977398,2.288231574379582,0.4919840073584782,2.480528305332231
2001-01-31,-1.437038920900892,0.48820288168261033,0.2674097585012268,-0.7308829027885193
2001-02-01,0.6221508900467019,-2.1054556502180977,-1.1802106118662983,0.7313973019429256
2001-02-02,1.2564935086177809,-0.8504266685532956,-1.0268731900776218,-0.8491387078202305
2001-02-03,1.329143403515178,0.7847095503619007,-0.34126282657231166,-1.605059806259634
2001-02-04,-0.6381541164606321,1.3644452024792564,-0.18666502337759158,2.737889647201562
2001-02-05,-0.9266195929710971,0.21851364766358608,0.903996078538115,-0.7235802218797621
2001-02-06,0.027014804310876016,-0.40503823028259417,0.7640859856348328,-0.436306259456614
2001-02-07,1.5407508469584934,-0.20464712374226232,-0.6933472750996229,-0.40412883768380214
2001-02-08,1.0282557913806663,-1.3111728409367962,0.2709491671020648,-0.26286211055418984
2001-02-09,0.10791499361687262,0.3223998468528215,-0.7018957501608613,0.14300680590743037
2001-02-10,0.31702019136728204,1.2420837139878451,1.0931136414708569,0.5863078966652266
2001-02-11,-0.6980234183854546,0.9091105010705793,-2.138927935718378,-0.10446773635262174
2001-02-12,0.2142916502643287,-1.7220935059906735,-1.761064790288398,-0.27669611419608653
2001-02-13,-0.5883136960267926,0.36939616745436943,-1.7113229225953284,-1.8305307088079172
2001-02-14,1.2832107796775616,0.8844801710957501,-1.036013144392913,-0.1362806711805612
2001-02-15,-0.9370533340605907,0.884451909398351,-0.14399573349022504,-0.7734498410385189
2001-02-16,-0.9775783237967197,0.6094666258729546,-0.5510037280927704,0.478659155184243
2001-02-17,0.2695536577357603,0.49578313995626894,1.84318252782552,0.8105532952079462
2001-02-18,-0.44703969703484553,0.7688059297124972,-0.6075898399874237,0.5960989873994398
2001-02-19,0.4212851696755201,-1.6233400205753277,0.08818241043995952,-0.5310034224292464
2001-02-20,-1.0275615239844114,0.12362229261948196,2.8788433319411615,1.1446998648626403
2001-02-21,-1.1086583041300235,-1.3913982964866216,-0.6602235850739407,-3.047048076008165
2001-02-22,-0.2633816844589991,-0.5117529620113216,0.8913002188825113,0.341864341531926
2001-02-23,0.5799508108226908,-0.71067966695177,0.08008261307570318,-0.8372957718662658
2001-02-24,1.2235985869217019,-0.47166367980563095,-1.202318669287686,1.41026506060539
2001-02-25,0.07926021600567675,-2.427315024624715,1.2058688119690453,-0.6275087430538014
2001-02-26,0.23620746206356616,1.0600721155985418,-0.28299734138963295,1.5326744701909318
2001-02-27,-1.5277053217008028,-0.27058829069726953,1.4779020594837444,0.6888871844257294
2001-02-28,1.3435306518215908,0.0011763755748470791,-0.5417968744936418,-0.4629724277188309
2001-03-01,-1.7594027043780238,-0.38557084586383733,-0.7283021448153819,1.275518864453515
2001-03-02,1.1887548452935126,-0.09066497147548311,1.2614372595129628,-0.8431196909405733
2001-03-03,0.23506280470465263,-0.36815751958802134,1.1939693365238746,-0.11714874925852965
2001-03-04,-0.06371150871527258,0.028780181044686774,0.6519801196618744,-0.16754556214547656
2001-03-05,0.05710800583455614,-0.8289640656417199,-0.6188229618523419,-0.09577971281568333
2001-03-06,-0.3760334771506137,0.48754967289877693,-0.718070430272949,0.020992075005958656
2001-03-07,0.8193159728019882,-0.9699612346570476,-1.3518568831618443,0.936093219230669
2001-03-08,-0.05231698232198252,0.9280378686541247,2.89189549437603,-0.7747874716519219
2001-03-09,-1.0582092878457874,-0.9385767062081614,-0.22913079917353243,-0.8698482202975847
2001-03-10,0.3273894957630499,0.006721149515557396,0.5595942315028287,-0.22408026168750925
2001-03-11,-0.5409608407264959,-1.0193892039002257,0.2542076302083255,0.730231833553784
2001-03-12,-2.095686068405362,-0.648068163470458,0.8232492243492908,-0.6235969969332372
2001-03-13,0.32403444766575545,0.5483094863055663,1.6627695727464848,1.1278549237159439
2001-03-14,-0.6012940428844856,-0.5386187728562758,-0.08882669253949928,-0.663780075026139
2001-03-15,-0.867456682823372,-0.27987163045135977,0.3674946680518641,-0.9312851634589421
2001-03-16,0.36318229246235245,0.045416799149462554,-0.5597110401508018,0.588424932968847
2001-03-17,1.4825035396402038,0.9001163939025577,-0.5372974853500547,-0.11995715471332079
2001-03-18,1.3403993477884408,-1.1050214684981605,-0.08729707697226563,1.4251507894334714
2001-03-19,-0.706078200628643,1.0252697305875045,0.5205294310083453,0.23093869638711934
2001-03-20,-1.3578077212040534,-0.9236852679655402,0.13957571354330067,0.85943722057656
2001-03-21,1.114432684066516,0.9628741691396334,-1.5929434079439795,-1.9674006630261724
2001-03-22,-0.2965553813265942,-0.287767091953522,0.21831889660827963,2.066931622470873
2001-03-23,-0.06161231938934837,-0.9218224031415014,0.5510343230184765,1.376846005555615
2001-03-24,-0.6431406884760665,2.052688774288312,0.8453022787869058,0.6520058524126254
2001-03-25,-0.7255705621852204,-0.5411618582744422,-1.2126297922072868,1.31496207107909
2001-03-26,0.03248234049965687,0.4239308530830174,-0.8869527679099046,0.13777139973728653
2001-03-27,1.1410031437110193,0.7620884261728837,-0.8068603279410663,-1.362969189972588
2001-03-28,-0.5092162089515417,-0.10760383484563552,1.0900675585105328,0.35456071906181574
2001-03-29,0.5087813026148119,0.7815142566860327,1.5755254087293211,-0.12529493115542026
2001-03-30,1.5763684358597732,-2.239925728648438,-0.8216632171536414,1.7389700687670187
2001-03-31,-0.41561326175434715,-0.5786750474027355,-1.1395941257100752,-0.16592857738465555
2001-04-01,2.5934917273601052,0.09048085066979847,0.5361004498117004,-0.13277112595769555
2001-04-02,1.2298279576721176,0.6402290308278139,-1.047703480961911,-0.08553017631303542
2001-04-03,0.8861147428794821,0.9179082629328743,-1.372988430670274,-2.199716755423094
2001-04-04,2.391510474445199,-0.6479836863972015,0.20998811190135974,0.0813541800548528
2001-04-05,1.1436976948767104,-0.7336056846258875,0.017257449507972446,2.3383916878997457
2001-04-06,-0.16321317783600478,-0.21012556471251656,2.2580720106758045,-1.204399784920639
2001-04-07,0.5344504696220473,-0.9891562709977059,-1.2085687737784414,1.2240049293637827
2001-04-08,0.3166426908669492,0.4235729815159244,0.0001530554544049695,0.7962137271830082
2001-04-09,0.049930730130608995,1.381192974115015,-0.05699994634128781,-1.1775942076931574
2001-04-10,0.24965347715837305,-0.1612314495188976,0.4568740145486488,1.9396521550114845
2001-04-11,1.5910325891888115,-2.2482165525237185,0.5555141012980656,0.11355906058792013
2001-04-12,-0.46349824302336134,0.09924538852849954,0.659524608681536,1.828937272938056
2001-04-13,-2.8142785449539534,0.4796630530849369,-0.377426034957764,0.09555017341361649
2001-04-14,0.5989628874673538,0.9829059989463825,0.3301300278147542,0.8737597310391997
2001-04-15,0.7459229467519697,0.5866391332392001,-1.1713852388535433,0.2364818377017309
2001-04-16,1.3886184576389442,1.157484301530786,-1.0676131539825715,-0.1224252747179476
2001-04-17,0.25793090206194164,0.8730682538221218,-1.231998365167255,0.4716948388146147
2001-04-18,-0.7317620237178174,-0.8804104563519952,-0.009097198979705502,-1.6704118244271873
2001-04-19,0.6373764799335435,0.6888434340278939,0.9467078158180424,0.8186691629224111
2001-04-20,-0.3504229419438369,0.3143181990936975,-0.31095617171763823,-0.8517288727793303
2001-04-21,0.19564970244205226,0.05570504109753161,1.3577814820453797,0.6779114514427154
2001-04-22,-1.252335284286741,0.39590954238888143,-0.2744399248688528,0.5247477490520968
2001-04-23,-0.867533424843759,0.7851242481316135,-0.7321204382285653,1.8265752944540765
2001-04-24,1.7615496985532417,0.13964464813369534,1.1229533744393487,-1.1283774718524222
2001-04-25,0.5299573565483423,-0.4807734354171669,1.2672347759945952,-0.5096493893640516
2001-04-26,-1.1875362710529482,2.120618336494607,0.3088149036439428,0.44185226383964366
2001-04-27,-1.5766986208016807,0.7446806033209249,0.21658118270491858,-0.7054821054406878
2001-04-28,0.8537324344727337,1.666936552546566,1.1366002003113072,0.4684779892920272
2001-04-29,0.49814584610385754,-1.0650878909303734,-0.19729652666842784,0.1332799894193416
2001-04-30,-0.4268280954576082,-0.3988813992670992,-0.15022517886182316,1.5346820459757742
2001-05-01,0.33745666451724854,-2.601405341286045,0.5377462942088711,-0.053803131277063314
2001-05-02,1.5053298768587087,-1.036823746360921,-1.2232322053579405,-0.7488228208380534
2001-05-03,-0.022930399503396856,-0.6466847274169072,-1.0688548573498573,-0.4827692411283047
2001-05-04,1.2197372905178174,0.16788130982007843,-0.05543655640979535,-0.7200346720464474
2001-05-05,0.5228275331874874,0.044913343176389155,-1.4977094727422973,1.155721159662981
2001-05-06,0.14440611539693207,-0.08625527522749532,0.43937651808361344,1.1076715171940454
2001-05-07,-1.6219090642171559,1.0321935657924683,0.8752696111357757,1.89499725410825
2001-05-08,0.9513032283269142,-0.03246540862209267,-0.10712020250562339,-1.0678548161815213
2001-05-09,0.27421639646916124,-0.9056490522492607,0.5461543413767967,-0.10104296746213348
2001-05-10,0.8945663670033798,-1.320147685159239,1.0519086994679478,-0.38797323144451523
2001-05-11,0.09950926278321144,-0.544288216021683,-2.896746187516182,-0.08072292271888956
2001-05-12,0.01902890202602553,-0.6218548398856761,-0.015812780021160145,0.7829232050477912
2001-05-13,0.19233814362004834,0.2582351619441333,1.0890336350999752,-0.5113440163601938
2001-05-14,-0.17418777336795713,-0.2869709240163069,-0.13968534801704285,-1.0337913846637419
2001-05-15,-1.6985241698813878,0.6104352568852514,1.9486357447571074,-0.8525950421454557
2001-05-16,-0.6582529453478059,0.23307809653621242,-0.14613062863079349,0.08757647167606471
2001-05-17,-1.053188287597877,0.5902741710873689,-0.7892974373595055,1.5246450166003371
2001-05-18,-0.7483768812059844,-1.9679054801153752,0.5184803112274821,-0.5117502183496107
2001-05-19,0.5334607187947235,1.127206453831745,-0.9893501688175902,0.7871409306490407
2001-05-20,-0.4626882280145308,-0.38600551831041113,0.09467218439218829,0.42358905317463524
2001-05-21,-1.1546768069006121,0.8382591358805742,1.3505683201122805,-0.8185705891475269
2001-05-22,0.3176070620832235,-0.4156519099833294,-1.1337828588661085,0.4256804528298064
2001-05-23,0.8624828608465586,1.6593090737398561,-0.2205470735438045,0.08670047343377334
2001-05-24,1.6161658096346347,-0.075500435504176,1.3877205358982172,-0.7400094490637066
2001-05-25,-0.14139945534078865,0.11194117194296534,0.9540967311678256,-0.006712219815984681
2001-05-26,0.03140841635654271,1.5010614494168846,0.4259158476324742,1.018147136091172
2001-05-27,-1.2712207266823339,0.4240984519415709,-0.11829530705365561,-0.2927119575402053
2001-05-28,-0.30895634556335116,-1.126068556763569,-2.2370616766913987,-0.16084914131207317
2001-05-29,0.3873611760726931,-0.027353317628178567,0.6361309120014698,0.24910705533969554
2001-05-30,1.437036072332559,-2.984855148077293,-0.8732676322717923,0.09398788618781632
2001-05-31,0.4450524888346875,1.2273055161138156,-0.5500837954698725,0.6037883124692365
2001-06-01,-0.24219921961131335,-3.0728619632758694,-0.10392714808310353,0.08047218515687649
2001-06-02,-1.3463807087901352,0.06376920099074661,2.2399251719210413,-0.05462146452623452
2001-06-03,0.6159040212577376,0.5797126731302991,0.09051742946115197,0.06275343593121471
2001-06-04,-0.33697479129068597,-0.23807852527890985,1.3569920377678524,0.7745425777397292
2001-06-05,1.0490856701179903,1.0760186498507132,-0.32369746560982704,-0.9506641263030776
2001-06-06,-0.17826607931257119,-2.3693423955455466,-0.272092599255925,-0.785764776133895
2001-06-07,-0.8674400573791342,0.22336985618667504,0.7360623683074862,1.5296882064014738
2001-06-08,-0.27237827724939795,-0.9891870415250364,-1.5323941685977953,0.3501181714937905
2001-06-09,-0.23623393565352457,-1.1750539450853417,-0.7103107028336054,-0.8518135458446997
2001-06-10,0.19747287574433314,0.22197536513818886,-0.06749656155986006,-1.5851542913631484
2001-06-11,-1.213551698115342,-1.4050438371942389,0.6928798737225018,1.727238250928901
2001-06-12,0.6913509919993776,-1.9201810668835964,-1.365723125129837,0.5627856184319407
2001-06-13,0.6238410970266763,0.29136107806941786,0.1671173921957209,1.083951490064818
2001-06-14,-0.3049330625690849,0.6336836900431525,-0.41108090965022015,-0.00573784578559479
2001-06-15,0.6255663148133815,1.181532595436059,-0.9698916601798975,-1.3295880208977922
2001-06-16,0.8642203570451586,0.6805765125415982,0.7311825660206064,-0.5680073296717106
2001-06-17,-1.4732980759396679,-1.442608335770978,1.0946746866635715,1.5621464320438974
2001-06-18,0.42863227341057164,2.161121825250759,-1.2506358123350658,0.6018498623417317
2001-06-19,-0.38145637973738317,-1.107092443761594,-0.1683548212582128,-0.01154157059642341
2001-06-20,-0.16046190797797105,0.3236184494619156,-0.5281557612454865,-0.5816994870692299
2001-06-21,-0.6075536647361229,1.5778275333218013,1.3026058313851012,0.6724835627079697
2001-06-22,-1.9994666621038688,-0.38613331061457423,0.6387630977442228,-0.07205100797958612
2001-06-23,0.3303299957733968,-0.30890829147161786,-2.1537526247290764,-0.571371668394
2001-06-24,-0.48858071253713253,1.548628295604902,-0.8220638279051277,-0.7373225406175054
2001-06-25,0.8492277243284201,-0.3938213614815875,-0.30308627917095793,0.15914896857025984
2001-06-26,-0.47107686654874575,0.616420295102394,0.7130690189886204,-0.8474184597182837
2001-06-27,-0.49319850627472883,-2.3129321475450744,-0.4101335879696564,0.43868396737163046
2001-06-28,0.3864855248083888,0.8542977151925877,-0.5034060092798928,0.6165244924896356
2001-06-29,-0.2907680468364383,1.050729316711043,-2.378369872658651,0.7961100120291541
2001-06-30,-0.049734165696421764,0.031846828518697703,2.0244468240516245,0.009509800795991561
2001-07-01,2.209126914936356,-0.098966600826188,-0.7851630271948508,0.4224680213165229
2001-07-02,-1.5967277844026804,-0.2797007147136539,0.43850912378669304,-0.4577841367750971
2001-07-03,0.6908972781003191,1.692536220807683,0.23298326434607763,-0.2540356979784896
2001-07-04,0.36914048862805166,2.182092509486578,0.030163479752827273,-0.049194329601493066
2001-07-05,-1.8938538400517444,1.5920850377975457,0.4343123302465133,0.869678945359028
2001-07-06,0.86779012344862,0.9340166028234883,-0.06344018596640538,0.23048636604246417
2001-07-07,-1.8543318564965916,-0.3890015597584232,-0.0889984477785009,1.2806957841881301
2001-07-08,0.8456758402297876,0.3346276633804324,-0.936061897120565,-0.4976143499305412
2001-07-09,1.3839205584336114,0.8376782796557893,0.8616458168986567,1.4023621252912049
2001-07-10,-0.7600439389531103,-0.2359894293283141,-0.05785411675271069,-0.5868121361587462
2001-07-11,-1.0854904497393436,-0.5790211093635094,-1.4051927939648081,-0.5102536306811168
2001-07-12,0.8029139221392635,-1.207474836088261,0.102863236201044,-1.0616827146058854
2001-07-13,0.3049386176847985,-0.9649744676432708,-0.48732864906370116,0.051681511488495424
2001-07-14,1.051614784648551,0.22832994842867096,0.10052277949968931,-0.08040882407851979
2001-07-15,0.12040421306457237,-0.6826539894773621,0.20536116221526904,-0.5673900651298867
2001-07-16,-0.362689123376418,0.4965613856131258,0.48557652452797795,-0.8663371895649228
2001-07-17,-1.888548721952616,-1.127324554598284,0.9205417897965378,-0.37556225591071785
2001-07-18,0.2857405962778024,-1.2530276417265196,-0.5305617854407757,1.097720070087376
2001-07-19,-0.14269548223653997,-2.418196780999131,-0.826280949537886,-0.7204789785517205
2001-07-20,0.20172212610301282,-1.244481133059047,-0.24823776156123792,0.46790203814823755
2001-07-21,0.8362699774379845,-0.549533379242686,-0.867359051145973,-0.788100140162341
2001-07-22,1.9729732107599434,0.48308348894911496,-1.318155432421979,0.1971339523950529
2001-07-23,-0.28799203094391757,-0.9821348632560954,-0.5361565271329828,-0.7591724552771979
2001-07-24,-0.02125057652295668,-1.1162961665848508,0.162137030734201,-1.200599303770044
2001-07-25,0.004983547650352515,0.8894148105010411,-0.4414757774457021,0.9484554211899576
2001-07-26,0.6377783640469266,-0.06229486727494253,-1.1649360685531809,0.18869736231767362
2001-07-27,-1.3044479478542426,-2.745558008015587,-0.06612736670690851,0.007438928749417272
2001-07-28,0.23227324755443873,-0.5372560029356463,1.9158313079130658,-1.013230574973887
2001-07-29,-1.0849540680908187,-0.35677328785121726,-0.09793298252683048,-1.6194806618179654
2001-07-30,0.04631033886757628,-0.13518453957869678,1.1564321095863745,0.3994524198249599
2001-07-31,0.44607392316676264,-0.0022042540937807203,0.2541276246724429,-3.4828649239277545
2001-08-01,0.7785773964235199,1.5883687215903681,-0.06892642146603033,-0.7500448004943845
2001-08-02,-0.3759561388938809,0.13615513433562162,-0.16999014582456404,0.59067651206892
2001-08-03,-0.20985370259240027,-1.2478663840052475,0.7730240911813813,0.9968300173062532
2001-08-04,0.34571054844739396,-0.009908774328987364,-0.7303831934582626,-1.8234501462659924
2001-08-05,0.6575293806198919,1.545278921864207,-0.31853328793439467,0.6477573679566073
2001-08-06,-0.8396920267596729,0.8383737656041863,-0.5229498036825996,-0.17029285040418068
2001-08-07,1.803603687682765,0.6476193669886178,0.8261009544523711,1.2071251928696278
2001-08-08,1.08728847287176,-0.9903639166127662,1.5327223143036017,-0.6137721879297477
2001-08-09,-1.3900328446247627,0.8422919391760113,1.209734760672556,-1.4139422121575322
2001-08-10,-0.6957572441929137,1.4658484476645004,-0.7240190183416699,-0.421515387653844
2001-08-11,-0.780135057903565,0.26562456455812755,1.1129611396058594,-0.20074191932223434
2001-08-12,1.3570799133283964,0.7141348870063977,0.9403787072158768,-0.7069928118421812
2001-08-13,0.14468408730171758,1.0785470451952417,-1.6489455475505708,-0.4750416682592677
2001-08-14,-0.423215224680888,-0.7762075993969544,2.185395765163562,0.9950722390340083
2001-08-15,1.8159672578690687,-0.6239615003125176,-0.22071504543011602,-0.14083656261366503
2001-08-16,0.16945063265450713,-1.8777294329714986,-1.2081027084210958,0.8652518203329296
2001-08-17,-0.2002264995781099,1.5483783391304315,1.1817567061072423,-0.5949989007397648
2001-08-18,0.8571957155833587,-0.24779175662363895,-0.25650446786632675,-0.15930547829853792
2001-08-19,0.1397172412193633,-0.7754723170953436,0.07925707225426493,-1.005466686413886
2001-08-20,-0.15727593714339635,-0.9970643850945057,-0.3636503845064924,0.9276066780243939
2001-08-21,0.2681375213444232,-0.5004974982846614,-1.3627932383412165,-1.407122108061571
2001-08-22,0.022542055002149383,-0.6042368715567799,0.6917326859724553,-0.6673547393029468
2001-08-23,0.6409561522225626,-0.6067649168748608,0.20456402324079245,-0.8631011969081016
2001-08-24,-0.7838955362811435,-1.2395538434919586,1.0202115478130138,1.384799192692457
2001-08-25,-0.4360313561849205,-1.2822087773598083,-0.41487448788394615,-1.5505974351189082
2001-08-26,-0.22856941214434856,0.21312483567574747,1.2904349937834547,-1.4252157241973828
2001-08-27,0.13068705387621457,-0.287090480819736,1.2566670151530845,1.2907368406114679
2001-08-28,-1.140079298740035,1.2506268729310117,0.9737118505365269,-0.47353269721821606
2001-08-29,-0.7903602937840117,-0.6559144400678496,-0.4870340562443915,-1.7743783489082554
2001-08-30,-0.6413452764852895,-1.4257501773707006,-0.10082353390890819,0.8385596718237662
2001-08-31,0.0732383505868503,-0.09071982159588962,-2.1156156920200004,0.4304864112561451
2001-09-01,-0.025135372100848454,1.159149369774911,-0.7796098290282067,0.16981759791256187
2001-09-02,-1.230908781041966,0.24510881048736613,0.5142426130200386,1.201646965455693
2001-09-03,0.5320798408248872,-0.7743539605404205,-1.2628246738412232,0.30318363038156715
2001-09-04,-0.11710711739568427,-0.5299874624096044,-2.759234574053042,0.6057659540143767
2001-09-05,-1.326316959858524,-0.23287440131170262,-1.0594199960529478,0.059742586872098706
2001-09-06,-1.3038280517735417,-0.23863614439938813,0.3206171483127052,-0.5870796160478388
2001-09-07,0.8177948832318057,0.1783509313249741,1.791817810101223,-0.9229685011491697
2001-09-08,-0.16550877999384545,1.3968068684898325,-1.483648883401631,1.3520122604434939
2001-09-09,1.3654502754964042,0.9334075556166569,0.6260210985090457,0.9310192955153943
2001-09-10,-0.8371485932263262,-0.1719835047192943,1.1682459373477274,0.11755258129745787
2001-09-11,-0.18728365239303274,-0.43459621807064075,0.8593497002132602,1.1378152673453779
2001-09-12,-0.5007854272109681,1.051500467881477,-0.4019567639416652,-0.17526474499484987
2001-09-13,-2.0113643520408586,-0.25275265583001144,-0.6056832833529133,0.11327304458181392
2001-09-14,0.9689369799475015,-0.20480084248110805,-0.7998163792922254,0.6473238798572397
2001-09-15,0.4191556806521951,0.6027363208459248,-1.0037163068779542,-2.025703906449761
2001-09-16,0.07108390977363754,0.5544062719226388,-0.7720308592265914,2.8928971198654923
2001-09-17,-1.0118722283213226,0.7105754215527088,0.05343655972649296,1.146342496580425
2001-09-18,-1.070506177564823,0.40415706755515923,0.7637743940580534,-0.0737885356637723
2001-09-19,1.4141178899493378,1.7955109838700387,-1.3580477906546438,0.09294841003263052
2001-09-20,1.938837286179142,-0.34884664213424527,0.8609747354675492,1.338848006399725
2001-09-21,0.7677982004061666,0.39666969048226,1.28655304676157,1.199150305104054
2001-09-22,0.5588670609317589,-0.28936657670455435,-0.664513066320138,-0.9152815048166892
2001-09-23,-0.42835340027895663,-0.8977490839452533,1.3002323378628013,-0.3198672876160704
2001-09-24,-0.17972118399511589,-0.6702584144409699,1.105612685760388,0.37488566971403803
2001-09-25,-0.03591213785473353,-0.17580991336922125,0.8734497835428106,-2.295600926565978
2001-09-26,-0.07059624369255864,1.303518759757565,-0.3803495329727764,-0.15084746707612154
2001-09-27,-0.6375593443526902,-2.342744680902836,0.7258683135513713,-1.2622614898854727
2001-09-28,0.0037942768068962586,1.0063548837806553,-0.2483029073096972,1.201686608461797
2001-09-29,0.2718867305999356,-0.7526781281918057,-0.30175268055499344,-0.4021516817858334
2001-09-30,-2.1260042006107835,-0.3181821396251949,-0.19030279634206693,-0.9401075187883543
2001-10-01,-0.3251357728211232,0.15364652384605937,0.08089479503374054,-1.594907544233847
2001-10-02,-1.0006578120750724,2.2884732546188715,-0.5318660985027145,0.48699713128949973
2001-10-03,0.20745633646477452,0.04032569247337088,0.25181137450826946,0.31551207523353225
2001-10-04,-0.017105275751420807,0.09541137502135022,-1.1486023694321583,-0.12925226926540007
2001-10-05,-1.7965319058182716,-0.6321202129750845,0.4631839509515871,2.1613772364776755
2001-10-06,1.463739835376086,0.12593286181790408,0.9252807335764168,0.37490251647584394
2001-10-07,0.6212945449161468,0.6268851760275347,2.3898817568963557,0.8266583121032502
2001-10-08,0.46950776960947754,-0.0415687272960988,-0.545847370167264,-0.7937899581166726
2001-10-09,-0.30209827406956746,1.0861398739857457,-0.9731213047455044,-0.17886126724866278
2001-10-10,-0.4286005475190734,-0.33331768719462623,-1.2540831457796848,1.2361807954168205
2001-10-11,0.8050750548787757,0.554938205799422,-0.39939837362374375,1.2174303484712266
2001-10-12,0.1489556991475107,0.6537671818871212,0.021773821115308317,0.2889611597259399
2001-10-13,-0.44020851679770234,-0.10651336120856623,1.6140810439375797,1.2220960922912405
2001-10-14,-0.7448128633467964,0.4193549216045545,0.5085365508906767,-1.2758289193298233
2001-10-15,-1.1114017528412974,0.6607600552423829,-0.6346257251326856,0.7694825528837527
2001-10-16,-0.6434497493395606,-0.13186242017013253,0.02250956011912135,0.10799568361767001
2001-10-17,0.1880877066117663,-0.5390396917105673,-0.4560208163607472,0.37274128762200226
2001-10-18,1.565335473686114,-0.22840079345250122,-0.857670407664679,0.22349690154963214
2001-10-19,0.1873256721274902,-1.6699554804234495,-0.9217970943335649,0.21344488002042264
2001-10-20,0.7247748053312846,0.27603006206839603,0.04318329053516037,-1.2347388183155787
2001-10-21,-1.4187062991722184,0.16825327606856247,0.3579695129119529,0.7515073812412102
2001-10-22,0.4125650647964338,1.0937921859949185,0.3359983288630897,-0.5263894689044073
2001-10-23,-0.8365751002563685,-1.2995049486746,0.23928217810103045,0.10164591130786896
2001-10-24,0.6840654413487841,-0.8030656173069086,0.30023464699591046,0.141364542121281
2001-10-25,1.92934441499096,0.5990002065341965,2.805069912626645,-0.6210752907922811
2001-10-26,-1.110753232920291,-0.4713972021614091,-0.2520666453320245,-1.054475365806317
2001-10-27,-0.1291418052009435,-0.32468880469401773,0.04196922126256071,2.4309295543846328
2001-10-28,-0.273092592282464,0.8464391548583665,-1.3689883271448453,1.0803268329464528
2001-10-29,0.4150562526869925,-0.893109285853088,1.5221081084283488,-0.0526444361992676
2001-10-30,0.11882586068774613,-0.9583484716873809,-0.7343405576334487,-1.228728119626403
2001-10-31,1.3303276715884709,-0.5593621234533066,0.7331153353530153,-0.36735462321146
2001-11-01,0.847479882190763,1.8156575217020803,-1.626628256958859,-1.8501941025565158
2001-11-02,0.3899773501894429,-1.1215430618579671,-0.24149980860794948,-2.2293184585206367
2001-11-03,0.38450792859089017,-0.8105860049997422,0.2348520577751848,-0.6567860872758633
2001-11-04,1.6338707207741308,-0.07182474895989667,0.7608465431306765,0.558109515658596
2001-11-05,0.8159309650501964,0.11536583995848097,0.0004001103004998616,0.14152354006488538
2001-11-06,0.16921392287900558,0.4564742634699251,-0.2447451183692386,1.2192000176827025
2001-11-07,-0.12856200075829358,-0.1182267508611221,1.3590310057177164,0.4759044597092742
2001-11-08,-0.7536328137290385,-1.0628883231522552,-0.355958369776197,0.09942450286902765
2001-11-09,1.566289188653461,-0.7079191874607368,-0.9658713375786133,-1.461168253387582
2001-11-10,1.2146139583146454,-0.16105850274143566,0.4819236922009871,0.5120345582466541
2001-11-11,-1.4742341491429671,0.6648323020959753,0.5075840982069113,-0.5980221585214653
2001-11-12,0.5856514884854143,-0.3252557746247318,0.893933442943515,0.295839487226147
2001-11-13,-2.042749853301081,0.8142474465789645,-0.08319829120797478,0.673221622497573
2001-11-14,0.8890844999626133,1.0280463318180773,0.019938143348425794,1.6692625343501117
2001-11-15,2.6654405614633263,-1.1001493242895066,-0.01836454848374394,0.8275685392190519
2001-11-16,0.5518499864826963,-0.1369694486359504,-0.3775174603407911,0.12110399248242859
2001-11-17,-0.19320968841464006,-0.09736425522693454,0.11298164049329046,1.020101587061834
2001-11-18,-0.8297237660361986,0.6901812759155805,-0.2879944748229505,-0.5786425542021619
2001-11-19,0.07807471740139943,0.1641314725994594,1.182896166394602,0.4779904860659641
2001-11-20,-0.6973812556433868,-1.0935723587213713,-2.0660232720288567,-0.10644925394291992
2001-11-21,-2.328723270146388,-0.12995961606522155,-0.26114991417204786,0.40153655873430427
2001-11-22,0.7718723228254084,2.030670912622018,0.045334214045871554,1.2582180805545555
2001-11-23,-0.3690225834209002,0.17112994882008897,-1.0101523818341225,0.9142993267693174
2001-11-24,2.1936245947570905,0.7955552512927344,2.2065742991834907,1.6967909528153622
2001-11-25,0.5212110951324829,1.0337014305466208,0.2652747304202461,-0.5065771834771089
2001-11-26,-0.5466481575733717,1.2738814241522987,-0.3304160293520417,1.4818514200209596
2001-11-27,0.7541254568495812,1.4765953098114213,0.10647521655336067,-0.012760315781964368
2001-11-28,-0.7367813631094542,-0.8473641818725614,-1.0673569830766994,0.09974072726147092
2001-11-29,-0.6176629378584053,0.8352581241439976,0.39029084227389826,-0.0657227560198408
2001-11-30,0.2834326198905158,-0.9004323932917718,0.6533106747447887,-0.8423978383767698
2001-12-01,-0.8447449637892641,-0.866811797050441,-0.47205254167956257,-2.1171298448749254
2001-12-02,-0.7813456335626876,1.4970853936697557,-1.0761075173339656,-0.22120895736649102
2001-12-03,-0.35799568685101646,0.35665343553492895,0.09429360929453144,1.3317865355227694
2001-12-04,0.16780906757365635,-1.072588024637137,-0.6444875751574771,-1.0263151329052884
2001-12-05,-1.105032692526761,-0.08969308443753803,-0.05579779247463755,0.18892983190255136
2001-12-06,-0.8040412254914431,0.17044388164117147,0.8094251495287461,-0.40674740576812424
2001-12-07,0.1022867544381338,0.5408108891580526,-1.5853131753219971,0.18921562293100452
2001-12-08,0.2012840016625349,-1.2592025701704546,1.1492938188181108,0.7438867848986511
2001-12-09,0.325254428597044,-1.7695847094105628,-0.8241588110388346,1.067111300500655
2001-12-10,-1.1881506554521886,1.1736101781742165,2.116810131437167,-0.07534493529541965
2001-12-11,0.7475634711560301,1.3400499097470018,0.5504460330953623,0.5012067017236609
2001-12-12,-1.163389490291818,-0.5552467747037239,-0.7000020199895853,0.041658414022174545
2001-12-13,-0.7262605222703586,-0.2361317627492899,-0.07948953606809574,0.5622345679020331
2001-12-14,-0.5190038248849147,0.19879533211298753,0.6607209522695079,-1.6061360916601235
2001-12-15,-0.052451142616518315,-1.7790292348371215,1.3332194046407684,0.9852636550524281
2001-12-16,0.39865474174562443,-0.2592098569366829,-0.6706854522144985,-1.425642629070245
2001-12-17,-0.233475026707689,2.0620196312152905,0.8831797631069148,-1.361285940604642
2001-12-18,0.37152494069811726,-1.2219265374525567,0.6411207993689847,0.9078020251433346
2001-12-19,1.0298949297028006,0.3086095655655497,-0.17472355290969804,1.0809645532080379
2001-12-20,0.7478745031565547,0.1562788466117129,-0.26442439039499116,-0.04267955888352367
2001-12-21,-0.6723003385541151,0.8062675356457083,-0.027673067104907866,1.0769565812035597
2001-12-22,-1.0837650507730119,-0.22038954882940892,-0.018850585373630446,0.2735999579262161
2001-12-23,0.5193639665559096,0.18072756060717404,-1.3052782192393055,0.695639988040532
2001-12-24,0.7496155265868816,0.36797842641630907,2.2961133506606513,2.3038379233658444
2001-12-25,-0.2559460392582413,0.4993650725321255,-0.5361846062662453,1.1137587939001479
2001-12-26,0.60840447013943,2.153595497166474,0.43069523699969386,-1.2514830609924237
2001-12-27,0.9999310623395882,-0.5427251235422847,-0.1602655174356614,-2.4518199611549893
2001-12-28,0.049625233691395855,0.3805679337319372,0.4886332001149564,1.082712050089786
2001-12-29,0.6113651902245933,1.9872556022063994,-0.5098640419608572,-0.6192710374511479
2001-12-30,1.4422314073266493,-0.7724032363644601,0.427018207553255,-0.10763533067964696
2001-12-31,0.1322762032179399,-1.9849945216879807,1.4846710078191798,0.29098612245623195
2002-01-01,-0.07083467938502079,-2.035667051428254,-1.18472297162691,-0.007078291385997873
2002-01-02,0.10948153089795092,0.8248278622054939,-0.7887255139061237,0.19560708274610938
2002-01-03,-0.7798762907576975,-0.3143527748260824,-1.249814577061953,0.4868481746949821
2002-01-04,0.6134609152553264,-1.644573295060159,-3.402584487846694,-0.343623189419637
2002-01-05,0.15240118838428476,-0.7333275964303914,0.2143479014558837,1.5602309066271822
2002-01-06,-0.5974375877814684,-0.14921578314096573,-1.2448848531325962,0.34130034398514125
2002-01-07,-1.1726729036619103,0.6490997785539308,0.6270559334678443,0.5441397012965663
2002-01-08,-1.7922104886667587,0.565278821313872,0.5051182885134325,-0.8963984542986837
2002-01-09,-0.40797965166644595,-0.43763727524163787,-1.6323293150136713,0.4464632223313568
2002-01-10,-1.597628494803896,-0.02460040020716205,1.9391365404755763,0.1662903461714973
2002-01-11,0.5675774339257551,-1.108944459874763,1.846610003153594,-1.0436444666014342
2002-01-12,-0.6361346565073785,-0.8093630873754156,-0.0009718777048212826,-0.5530207483121818
2002-01-13,0.898647369884965,1.856800163859938,1.7206287988311697,1.3615690523956592
2002-01-14,0.09427365408871344,1.1370414015151555,0.9309680476914238,-1.407853354676879
2002-01-15,0.33240687896946647,-0.939342792936504,-0.9876936982756306,0.482450476444632
2002-01-16,-0.9244425982148752,0.24876199537719346,-1.2539440800718438,1.2744710233797545
2002-01-17,-1.3024237700040326,0.6131383129422526,0.30454126405081516,0.7652678821399229
2002-01-18,-1.0052636255599297,0.5690199251943684,1.3576462733604029,1.0650620139938551
2002-01-19,-0.7193671833838609,0.8281658184788481,-0.8955853936471968,1.013484807425028
2002-01-20,-0.40741309458507396,1.1518558398879448,1.4078433021368706,1.351919807670315
2002-01-21,0.390487015177217,0.38663529023159127,-0.953130321389738,1.3100653853311484
2002-01-22,0.6429774782610923,1.4803776509979127,-0.0017177110523093446,-0.3819020717518009
2002-01-23,-0.31037050436630315,0.2371492155172433,-1.2150705100753916,-0.22736386713803824
2002-01-24,0.7964302782758472,-1.2082763734374977,-0.12099080740681975,-1.6883026534870103
2002-01-25,-0.5337510245333442,0.39837650150887205,1.5555698359173202,0.11427386625130823
2002-01-26,-0.3578536287293117,0.8889832786393396,-3.605353907270405,-1.4538593560922943
2002-01-27,-0.33122011933892476,0.8511319880767386,0.3243976031926548,0.4257639444261963
2002-01-28,0.5796690493237769,-0.5674582266514163,0.5969256155384324,0.6296080968574639
2002-01-29,-0.4841707513926431,1.0745301050043772,-0.7762687055919776,0.6091305133382828
2002-01-30,-0.5230219660476844,1.5787219281376366,0.35084696488366257,-1.117337781544359
2002-01-31,-0.3346837275663512,-1.3664563592346222,1.8959949278098167,-1.6449587314848528
2002-02-01,-1.953389484801945,0.4240224769998995,0.11546304347789789,-0.6942115319918923
2002-02-02,-0.9282302035110029,-0.7173031531169229,-0.4389929456072917,1.1825676143376416
2002-02-03,1.5222415103196762,0.00727595982002163,0.9727997127290204,0.2542276800676404
2002-02-04,-2.3938281389772293,0.41761020247197317,0.5485246053723811,-1.500841958585369
2002-02-05,0.5925465696316702,-0.1811298893060495,-0.8385199037294866,0.7683187094188971
2002-02-06,0.9807077890137522,-0.6364308932582381,-1.050542581995013,-0.9788593885480199
2002-02-07,0.04653491044892544,-0.33482312836871014,-3.147448080925159,-0.18012030442490248
2002-02-08,0.23859426319108934,-0.36330547051202444,-0.029476734351893782,-0.45273667039356286
2002-02-09,0.7995812727270402,0.5985556270125998,0.2617268723215603,0.8054336376763777
2002-02-10,0.5058937358132318,0.17547166627907973,1.9803106604554177,-0.8642842211032868
2002-02-11,0.2937812368623032,1.5880243155828846,2.08625882872552,0.1486329094343257
2002-02-12,-0.5957454296496982,-0.07665142681089,1.5300201673746379,1.2757013773661756
2002-02-13,0.4742239471284799,-0.5004685428650915,0.4776990448160435,0.4318916883791118
2002-02-14,0.7054339558999122,1.8343494121462063,0.5670442391230058,0.8426463178681929
2002-02-15,1.219924298397752,-0.5941221551730456,1.1340810366110494,1.5578512108272469
2002-02-16,0.061394734081532,0.2333278127693547,-1.509166543203237,-1.3099468461444561
2002-02-17,-0.5735447988390279,0.6352836417040795,-0.4613147780677106,0.39178554970698154
2002-02-18,0.8382504517436872,1.1567913738241773,0.5098475752472241,0.1101067369739682
2002-02-19,-0.10044951625137609,0.5206512099826663,0.2678859535648625,0.7907943897360933
2002-02-20,0.1406662762574781,0.10798604112214492,0.4724637981978761,0.769097064649734
2002-02-21,-2.696778824229507,-0.1323525069972551,-0.6236759325024918,-0.3857901768312319
2002-02-22,0.6374189293397526,0.6345198964652142,0.489505684147161,-0.6794725582226139
2002-02-23,0.20795580205641676,0.8695093445533502,1.5446294929361988,0.7127732272016233
2002-02-24,-1.046603213361042,1.1833377066341868,0.5189095181850403,1.366003078368309
2002-02-25,-1.253512158754207,1.2793508284272204,-1.3227631613137358,-0.6791782297082344
2002-02-26,-0.09043590467226371,0.34207985344713926,0.5155703206724327,-0.22750975781622246
2002-02-27,1.5801765026865067,-0.13359122160229922,0.04435638584443072,0.37568920228276664
2002-02-28,-0.2337801105055626,0.4600003468280554,-1.0466839084915796,1.8062683893925102
2002-03-01,0.7691565279403237,-2.6821616719311483,-0.5489739654261597,-0.6280425488418546
2002-03-02,-0.5834921419975084,-1.1503747269566562,0.6691365768407381,0.6576077749905556
2002-03-03,0.8976639040719526,-0.5927104508933021,1.2899983360948233,-0.7720561741620413
2002-03-04,1.3516847416056146,-0.09070375204696673,-2.45883231996273,-1.3057347791284066
2002-03-05,-0.5683727838932778,0.5654529903698272,-0.348314487259227,-0.4790314908652266
2002-03-06,1.649215282197698,-2.7506862895264694,-0.7836535311238039,-1.838603962529994
2002-03-07,1.9940629214784316,-0.12273219261767922,-1.1238290358094742,1.0528787584735073
2002-03-08,0.791628548905852,1.1086414674901974,0.2127068144490192,0.12276080117837758
2002-03-09,-1.0051188767316417,-0.20181933224468876,3.741068214502651,0.40274325835132835
2002-03-10,-0.12618501354391698,0.05605223246640811,0.2417725657996322,0.047815562669753627
2002-03-11,0.07628796325543642,0.28175426535513376,-1.8045079630080951,0.28140481087487235
2002-03-12,-0.8541258118189945,-0.6676441037003036,-0.8936178016412228,0.9527346874571327
2002-03-13,1.9634920533753468,-0.3697885999372385,-0.3456343578666291,1.2835394936291333
2002-03-14,0.8611123276999506,-1.1495715561625384,-0.2693055612779214,0.10009834159465514
2002-03-15,-0.2520150561980547,-0.8934015569076434,0.42544319071647285,-0.07532016595087121
2002-03-16,1.9288659983422805,-1.481785097672222,0.6555159537630921,1.2130127748939568
2002-03-17,-0.23862399529906458,-0.051161919779881604,-0.6738422390020057,0.8867352326173682
2002-03-18,-0.7901985142264808,-0.40853774319956154,-0.8357830821814316,0.1387949851703502
2002-03-19,-0.945247874814883,1.246743191014674,0.15568435264174876,1.5029334391955609
2002-03-20,-0.2575527858596256,0.34145385163899095,-1.243616573417927,0.06321748868008747
2002-03-21,1.5167599428045377,0.7480146217540843,-1.163652743262166,-0.5566418731198418
2002-03-22,0.5695568274577865,0.17916866099898912,0.1522291876569262,-0.5349041812783791
2002-03-23,-0.008483485213597541,-0.4994331665426422,1.765748316711565,-0.39477952287869245
2002-03-24,0.08706034772815632,-0.6283707389956631,0.9367705726020719,0.9953718662356948
2002-03-25,0.36787719781990247,-0.6755148745845218,0.4575093011734197,-0.6976279905952316
2002-03-26,-0.6076988066776943,0.4993376053510411,-1.82106786582682,0.47863061627618525
2002-03-27,0.9585199015447163,-1.1960346085418099,0.0628678563230477,0.6014571896323999
2002-03-28,0.917273382532504,1.2871873804625629,-0.0825850642685342,-0.131749679216688
2002-03-29,-0.8761633922990281,-0.12021192663786182,-0.003271938602946502,1.835463458829063
2002-03-30,0.6346776369729968,-0.4629746501623262,1.0826668600633214,-0.014871019584064343
2002-03-31,0.11953964862545985,0.7333712704288037,-0.2020195232374151,1.845560100963875
2002-04-01,-1.5371536558263472,0.5066783682049094,1.1061782393819897,-0.6313739103683903
2002-04-02,-0.1618917216191119,-0.01914015121270473,0.13680388825483059,0.7948481020172325
2002-04-03,0.7073914920825832,-1.0977787806521393,1.2863441038649956,1.072314290922541
2002-04-04,0.9473992206309318,0.5120477432263508,1.5482475586868705,0.701063766902516
2002-04-05,1.1041637510492621,1.5605818313512663,-2.006297476428122,-1.3630315575137517
2002-04-06,-2.1456382587354534,-1.5432894054053794,-0.3539913410129157,-2.455468422341555
2002-04-07,0.49979790966986,-0.8876346966035823,-0.5627516568132648,-1.319286414012187
2002-04-08,0.37483683178942734,-0.05445636941779935,1.1582876614574154,1.6104908940831646
2002-04-09,1.6172879592549143,-1.7163842606713713,1.8954256461558106,-0.2460230447762148
2002-04-10,-0.3316465165700779,-1.3713439564621976,0.13915020870173095,0.020986192672478903
2002-04-11,0.3110292186522088,-0.9794958604519513,0.2819098735944265,0.1536751028038476
2002-04-12,0.4191860118762668,-0.6810939584920169,-0.41711350777853157,-0.598938251323642
2002-04-13,-0.6214327054688056,-0.6241642946863885,-1.7261973284887995,1.0021201390439283
2002-04-14,-0.9875633486312991,0.7633890878342684,0.9000513768300772,-0.8626070593010036
2002-04-15,-1.0674680691616838,0.4868478114993508,0.476313325935356,-0.5727303585861079
2002-04-16,-1.1861485488690204,-0.23291812424372485,1.2638895663248575,-1.933581840215218
2002-04-17,-0.08974066733649183,1.1391062467840065,-0.2509325759826401,-0.6249273563383063
2002-04-18,0.28072787964321394,-0.8170959553214525,1.7786762998486931,-0.3180591544982323
2002-04-19,0.4934781792627052,0.09911691756341609,0.22223017159157277,-0.22398929462142594
2002-04-20,0.2791192466863774,-0.4939625416053232,-0.39479634354340937,0.4442874999658987
2002-04-21,0.4356783471367483,0.02332625561804559,1.1362456291544591,-0.4437809968071075
2002-04-22,-0.4605473191314372,-0.09968046129946191,-0.8396399065392872,-1.9715142524413654
2002-04-23,-1.3402222252907423,-0.3776633065402423,0.09753959979953909,0.3481977886436384
2002-04-24,0.4052541889734472,0.563667848449322,-0.6046076117819985,0.2564755315542456
2002-04-25,1.9301826935285278,-0.07603955795477008,-1.6188005892288335,-1.7702353356054543
2002-04-26,0.17443204824320732,-2.382517902102315,-0.18028914876704846,0.3859750373828974
2002-04-27,1.0730823351973602,0.4160238061883285,0.3634235167157183,-0.07883280395236582
2002-04-28,0.36035136946522844,0.8128044266491192,-0.8425754176995441,-1.7118164923623655
2002-04-29,-1.3864919940748313,0.9489719174630262,0.0766726550907473,-0.9492237452558652
2002-04-30,-1.1104285238442448,-0.26254845172283126,2.4501567996166886,0.48439310384898343
2002-05-01,-1.1429365453954679,0.028468879103787783,-0.793567387996514,-0.9015383902142687
2002-05-02,1.0772900477668579,0.4173923748615688,-0.9347109819250438,-0.08928730830827282
2002-05-03,1.3794975882445712,-0.9844214775339957,-0.7671480028432959,-0.6019514622959039
2002-05-04,0.9387448299116178,0.8805279815615874,-0.23785328310358334,0.4146297058824225
2002-05-05,0.6315408650748158,-1.5561010792758936,0.760545087479636,-0.6818482054960864
2002-05-06,-0.8752667623515401,-0.17716946165840705,-0.774611765461708,-0.7318680199324239
2002-05-07,1.6713159835502287,0.35767302987551525,0.8958747918969472,-0.17328506378630426
2002-05-08,-0.8993416146370848,0.47445275763269507,0.6025268115235712,2.5555699555307805
2002-05-09,-0.3764558450124625,-0.5955177313528435,-1.4427813836659635,-0.030936995007216552
2002-05-10,-2.433624067568971,0.18102248643388247,-0.07417701344272165,0.2709628952177834
2002-05-11,1.5731174492269735,-0.1717035253296866,0.41472176569624397,-0.9527419313197084
2002-05-12,-0.2315855092965005,-0.611296366640192,-0.6684041454183948,-1.2296701081716328
2002-05-13,1.156074169780492,0.2606274566330816,0.39647331491934834,0.6468316372043125
2002-05-14,0.5348039315280038,0.5408379368167725,0.6897410986064761,0.7641185244504606
2002-05-15,0.5123163185748232,0.6517631484100935,0.4489162646779845,0.6097066377445262
2002-05-16,-0.34979135775744646,1.2848518726787248,0.3231408555436888,1.8151946565651327
2002-05-17,1.4597811888664949,0.9232246100203608,0.33535529439001127,-1.7526620809900055
2002-05-18,-0.9388017197939066,1.4468416588283253,0.2885456679369978,2.0039876345014176
2002-05-19,-0.09211740186460939,-0.7164631655415358,-0.7276709805671809,-2.117145096023881
2002-05-20,0.4600632156453648,-0.9838571035839995,-0.8641862982031867,2.2902205407018106
2002-05-21,-1.6349358533710838,0.12724893129343698,0.8235655977917795,0.7102315246903043
2002-05-22,1.2830670059780256,-0.16381474631839146,0.1840384198616478,0.20748329955886047
2002-05-23,-0.6298700414196832,-0.554228061190667,-0.47079420783096837,-1.5169023574726257
2002-05-24,0.25395897883229596,1.3645946078800097,-0.1620220230761887,-0.08685304563861969
2002-05-25,0.29440433273144373,-0.30515175308058523,-1.2498716337612303,0.5826663915218964
2002-05-26,0.7479987443261328,-0.27311629630431944,-0.5303079927797513,1.0967508429903534
2002-05-27,-0.6312200040930519,0.05308138909736801,0.028702136795340668,0.06298965250744117
2002-05-28,0.49677777949229585,-0.5259376271381425,-1.1019268225324277,-0.5928478123570834
2002-05-29,-1.5024654928814494,-0.5894756097340882,1.4333599866378186,0.6981986953679503
2002-05-30,0.22041207237330646,-0.9750117623003286,0.7155156927524821,-0.039846632600508226
2002-05-31,-1.758055467323235,-0.23921921824721354,-1.4436367405371022,-0.4307542515021228
2002-06-01,0.7105687758706672,0.1871528292224948,1.1939918883628793,1.570474759979782
2002-06-02,-0.02807530215124946,-1.5555376534470058,-0.503114642080843,-0.492223082866481
2002-06-03,0.9954613323145165,0.7009688558899946,0.4624447742265726,-1.3425673554693363
2002-06-04,0.0007269958675673241,-0.4346774577492372,0.1376218155965399,0.9210306652815512
2002-06-05,0.34017209339104637,-0.9822103933102964,0.09042851740771693,0.6642268714357061
2002-06-06,-0.5695816345305899,-1.1419237847975319,-1.206511351790483,-0.9440972254275322
2002-06-07,0.9259245344010714,0.0367414196056432,-0.7079629543804371,0.3483742194521541
2002-06-08,0.31663724675806726,1.0623106945292957,-0.16549242437448192,-0.3444272074203785
2002-06-09,-0.07641784000324806,0.9473230619595769,-2.1832063953598118,-0.32872828905727247
2002-06-10,0.7939010964313462,-1.6320411038338531,0.1398531332196654,-0.5505964645441217
2002-06-11,0.15038773042364392,2.1620763320795624,0.7332041349727363,-0.20236119197259972
2002-06-12,-0.1355546486881933,2.2738578426916933,-0.6075867425334788,-0.32369301607971757
2002-06-13,0.04741096008654477,0.8980053228011415,-0.05306643391453172,1.0082591968552037
2002-06-14,1.0580535800948299,1.3645388371499054,0.9236512571269778,2.1181026856128153
2002-06-15,-0.2668462472101909,-0.6091585747871939,0.3945580375407544,-1.514785983008221
2002-06-16,0.23433260525693037,-0.46330327075500516,1.054975194568968,-0.9166031126210141
2002-06-17,-0.8653146354535166,-2.5408174238597088,-0.01823677906375142,-0.13518972764383622
2002-06-18,0.788645684831436,-0.46361569231855204,0.7107720028749058,-1.7452851703295436
2002-06-19,-0.01766238649340621,-1.7498249088951596,1.616584632835734,2.556620140305155
2002-06-20,0.12060261431052623,-0.9218070853188125,1.3301216373824982,0.14894716418754547
2002-06-21,0.2846783550407061,-0.5686737091560529,0.4899702702708969,-0.2889812353976116
2002-06-22,-0.8369042913699126,1.4314712872085082,0.4053781596838371,-0.24078508438193305
2002-06-23,0.43105852172684017,-0.7090637170532893,0.13090913557428402,0.0033395044097926214
2002-06-24,0.43925181115292583,-0.5751038542528542,-0.5885615818219616,0.06174038657108974
2002-06-25,-0.22464033863914967,-0.7767847112880533,0.30587648828315106,0.30126606378201737
2002-06-26,0.01888414262068178,0.1587522944373972,1.0040519728173398,0.4350928036391501
2002-06-27,0.41841885811409346,-1.2015354021689857,-1.2838502663874225,0.13198441857649057
2002-06-28,1.505356354153013,-0.33301490476851875,0.08167200658429515,-0.29333465083441546
2002-06-29,0.49430281714906094,0.2829318576610233,0.002673575582144048,-0.5197451855423012
2002-06-30,-0.8485949944754193,0.04506235703252746,-0.835267453162653,-0.5902900576787335
2002-07-01,-0.9351020528395542,1.5776966879643253,-1.1310820142291504,-0.23052468465284087
2002-07-02,0.13640865745128897,1.631226681578821,-0.014417342359591821,-0.8637460749273822
2002-07-03,0.44882100648981893,-0.44720820693872226,0.7733071126720934,-0.9306564217562063
2002-07-04,-1.2093375730965479,0.22603514871287939,1.6692702406680096,0.09851726568305591
2002-07-05,-0.0716292699773329,-0.6883490763233857,0.639002521911365,-0.8589696994458649
2002-07-06,1.7148896685323998,2.930285482385962,-0.3233781571329694,-0.4453335175664427
2002-07-07,-0.025819861314260235,2.200669314874871,-0.32709102188450917,1.2125724564119726
2002-07-08,-1.1388834253661522,-1.2583655784663283,0.9989380052989061,-1.0248676264388688
2002-07-09,0.583798359025896,2.549341310808693,-0.5083965631136204,1.7697747034761997
2002-07-10,0.50636476362741,-0.8492435720989917,-0.31914530331205704,-0.8523081169845006
2002-07-11,2.0650451408519483,0.5592956345869271,-1.7142777510967744,-2.0376053022499074
2002-07-12,0.7727913814164781,0.8859147491854796,-2.3122093438600486,0.23214867274697715
2002-07-13,1.8805911640859383,-1.6944754736311838,1.735145218085128,-0.07892653592702119
2002-07-14,1.4309217452757355,0.4722535823422044,-2.2709900004338186,0.22678565933080877
2002-07-15,-1.3699038439785665,-1.3982252958563095,-1.5157652522297653,-1.4151918868161122
2002-07-16,0.4243433167725291,-0.4344546543611807,0.34316248709811226,-0.8799030763398896
2002-07-17,-0.6149910600278933,0.044468061966748795,-0.6822733304187815,2.0702020110825297
2002-07-18,-0.39166318006013473,-0.430651156140344,-0.43283642226984764,0.7096986686234769
2002-07-19,0.9067969790840346,0.06273806830197966,-0.1929626527971157,-0.3118000889535873
2002-07-20,-0.3157109543343471,0.6147436406488529,-0.04730127328103639,-0.7017412026275552
2002-07-21,-0.5143197731109175,-0.10141994828295145,-0.4034675157741239,-0.9053916012320216
2002-07-22,1.1864266647774198,-2.016763738973423,-2.2618914906283414,0.32416242829706055
2002-07-23,-0.1350556925750986,-2.6073832682119438,2.1300476580143655,-2.4087524805207616
2002-07-24,0.15941367218825564,0.42274613757327845,-0.4240938821437892,-0.03634609202223471
2002-07-25,0.8587534266879814,-0.19136395427725095,-0.7472930939469441,-0.8338030158077012
2002-07-26,-1.0301368129133854,-0.08650089773340071,-0.6902185369472063,0.23451220866528458
2002-07-27,0.4126028216822864,1.5869345328081923,1.2394551491636352,-0.7122603413551247
2002-07-28,0.18865477054001475,-0.7442415305635053,0.8287119710875697,0.5264364516292378
2002-07-29,-0.22849353511627568,0.17770023303716004,0.04712721899107686,-2.412880154526577
2002-07-30,-0.1663551899418377,-0.8516794252989691,0.4466117130356507,-0.04087946191607977
2002-07-31,0.5260035631357518,2.086921417712406,-0.14295702884909647,-1.6647581989602154
2002-08-01,0.7575785267172614,0.4537326260742078,0.027854788862737904,1.5038053757224812
2002-08-02,-0.09493376057264453,0.5763696118644027,1.1033120293510685,-0.3890625900153774
2002-08-03,-0.0238949009212124,-0.1732309708599508,-0.8625079336997082,0.5190937782457538
2002-08-04,-0.295850928982921,-0.2355211196564062,-0.3551598972476359,0.18797849023822735
2002-08-05,1.5447523032245756,1.5756347312853862,0.15398371875042974,0.1083584212448655
2002-08-06,-0.7215536829616824,0.12531184467998793,-0.43438930513976587,-0.17083513605627407
2002-08-07,0.5086916743324439,0.20344977262443692,0.7928548410118089,-0.12953281941309427
2002-08-08,1.1855938943591304,-1.2308283954276578,-0.10294361294381078,-1.204082189761849
2002-08-09,0.3183288375110013,0.37939537505142257,-0.2119684499803125,2.773090734957219
2002-08-10,0.6290874322696193,-1.1993862813694462,-1.1988227132360945,-0.18006473829783243
2002-08-11,0.6756554738767907,0.4145034867807043,-0.7617733727256615,2.1208187228998727
2002-08-12,0.2585371771939126,-0.35581971319890754,-1.2861413049938755,1.0907007943766487
2002-08-13,1.0477476714293172,0.025101070660695758,-0.4397483876227591,-0.3388329353281854
2002-08-14,-1.5768681040647097,0.850927618580368,-1.1818485420124913,-0.6477081624414082
2002-08-15,-0.31928033434617487,-0.5590305866529599,1.5593912787140913,-1.1776553242839447
2002-08-16,1.0595352642789044,0.7021286154740796,-0.06493998082756378,1.8796817119173066
2002-08-17,-0.4419983637324613,0.2885292813912646,0.2777999872099834,0.08241818772372467
2002-08-18,-0.8633040560733137,0.4505803785709501,0.23718066698126664,-0.6139324534533314
2002-08-19,2.8974775996533677,-0.5094679724815155,1.1595721605758855,-0.7723259953225105
2002-08-20,0.23663554565757064,-1.6876119925637578,0.1185951461230462,0.5119559173224256
2002-08-21,0.5538975155974317,0.07988183125338946,-1.4341913957245054,0.07791157751802945
2002-08-22,1.276654774708254,0.9408711041702024,-0.3185975553473854,0.8298175941100131
2002-08-23,0.011499881788817347,0.4940135279629717,0.12870385095028222,-1.192953401457141
2002-08-24,0.14581689611175327,-2.064913736056156,0.420319912863931,1.686088422057712
2002-08-25,1.728510149607878,1.535413563217328,0.013703542934615835,-2.304145439519676
2002-08-26,0.2595749164479713,0.12720909234157118,0.08108447582262043,-0.030633331566852596
2002-08-27,-0.02661346073351732,-0.15994221738385112,-0.7621530001488377,-1.2041445667977597
2002-08-28,-0.1492626881021534,-0.3857885618040641,1.591831116158764,0.41329446777653456
2002-08-29,1.5077097543418012,0.8598809319446074,0.5797580787340718,-0.5386138597887994
2002-08-30,1.3223681696041056,0.6003915056622481,0.7159428938999282,1.5677417127857112
2002-08-31,-0.42797180430236,-0.11304315353473615,-0.592289254583458,0.14652065583613416
2002-09-01,0.9946301001612294,0.7701223677132818,-0.8334746301470831,0.0778826675630294
2002-09-02,-0.05482502576064463,-0.00976633223222605,-0.054632739771874377,1.0255098515780052
2002-09-03,0.4783417458199591,-1.7442086470139249,0.374207491061703,0.9348877231289591
2002-09-04,-0.5680923558079911,-1.6842690429093872,-0.37989320688601136,1.5104882114316207
2002-09-05,0.4038358336423629,-1.0028150989207676,1.178656781213243,-0.6691889978551923
2002-09-06,-0.11323091897837609,2.450595308207796,-0.31026521044106775,0.6911553436542716
2002-09-07,-0.7670324528835026,-0.3993509346034357,0.07424743343395324,1.076546161689475
2002-09-08,-0.7948542237373575,0.9344800442670845,0.8266576038204647,-0.48733455627793787
2002-09-09,0.37175285881581455,-0.0017061103920698944,-0.9045853717710545,0.7824222910328579
2002-09-10,0.13755499255295417,-0.32254330694979355,0.6636849562197326,1.0055173341755965
2002-09-11,1.1117100840956466,-0.5045876123907391,0.48662516341315787,1.7975257827436113
2002-09-12,-3.7339410685051675,-1.5030378812326461,-0.9831784230179246,-0.17847968874909972
2002-09-13,0.47972989270952626,-0.25215202688265687,-0.16167494367164217,0.3408932626696243
2002-09-14,0.7836834072912687,0.010076162080503593,0.4892546972609505,-0.20595522645441114
2002-09-15,-0.5209311346919877,0.2682997757489386,-2.748412293028101,-0.9515585205254211
2002-09-16,-1.6326622611554062,0.1131474478037385,-0.42890803989860626,2.810327760748941
2002-09-17,0.06328191210897333,-0.7726013546334151,-2.7995886279941766,-0.6370963502139444
2002-09-18,-1.0667639839336653,-1.720978502692228,-0.1670032800775275,2.054081294449684
2002-09-19,-0.680933605807617,-1.1894501409350837,1.0056179342938412,0.3220582588274515
2002-09-20,0.9723633537071866,-0.7547945013952577,-0.2290992104408439,0.5824582094402784
2002-09-21,-0.6586826420302396,-1.0859700982620597,0.31930608413824485,-0.11609803371452483
2002-09-22,0.022842848494172216,-0.1035525861331865,0.18232280350493357,1.0389744752415042
2002-09-23,-0.8409519237601983,0.6540290789225834,-0.24866169755968223,0.676731445846185
2002-09-24,0.2612474114445729,0.4112595141933356,-0.4130730239256132,-1.3474755892890635
2002-09-25,0.457626521866411,-1.0207280801539702,-0.9869666683697781,-1.5711723271254883
2002-09-26,0.303472959842805,-0.24868349096611042,0.7601398311873301,-0.3354465386311075
